tanggal,daerah,tm,tx,tavg
2025-05-01,Kediri,23.2,33.6,28.0
2025-05-01,Pasuruan,17.8,27.5,22.1
2025-05-01,Sidoarjo,25.7,33.1,28.8
2025-05-01,Malang,23.0,33.2,26.7
2025-05-01,Surabaya,25.8,34.4,30.1
2025-05-02,Malang,22.6,33.6,26.2
2025-05-02,Pasuruan,19.8,25.8,22.2
2025-05-02,Kediri,23.6,31.4,27.9
2025-05-02,Surabaya,26.0,32.6,29.3
2025-05-02,Sidoarjo,24.2,31.6,27.1
2025-05-03,Pasuruan,18.4,27.0,22.4
2025-05-03,Malang,21.4,33.4,25.9
2025-05-03,Surabaya,25.6,33.8,29.7
2025-05-03,Sidoarjo,24.0,32.1,28.4
2025-05-03,Kediri,24.0,33.8,27.8
2025-05-04,Malang,22.2,32.9,26.2
2025-05-04,Sidoarjo,26.5,32.9,29.6
2025-05-04,Surabaya,26.7,34.2,30.5
2025-05-04,Kediri,23.6,34.4,28.3
2025-05-04,Pasuruan,18.6,28.0,22.5
2025-05-05,Kediri,24.4,33.8,27.9
2025-05-05,Surabaya,26.6,34.6,30.6
2025-05-05,Malang,23.0,35.0,26.6
2025-05-05,Pasuruan,19.2,28.4,23.5
2025-05-05,Sidoarjo,25.7,32.7,28.7
2025-05-06,Surabaya,26.2,34.2,30.2
2025-05-06,Pasuruan,18.2,27.5,22.2
2025-05-06,Sidoarjo,25.8,33.4,29.0
2025-05-06,Malang,23.2,33.6,26.4
2025-05-06,Kediri,24.2,33.4,29.4
2025-05-07,Sidoarjo,25.5,33.5,28.9
2025-05-07,Pasuruan,18.6,26.8,23.1
2025-05-07,Surabaya,26.0,34.7,30.4
2025-05-07,Malang,23.0,32.4,27.1
2025-05-07,Kediri,26.0,34.2,29.6
2025-05-08,Pasuruan,18.6,25.4,22.5
2025-05-08,Surabaya,26.2,33.1,29.7
2025-05-08,Malang,23.4,33.4,27.1
2025-05-08,Sidoarjo,25.9,33.8,28.3
2025-05-08,Kediri,25.2,33.6,28.3
2025-05-09,Malang,23.4,32.8,25.0
2025-05-09,Kediri,24.0,32.8,27.1
2025-05-09,Pasuruan,18.6,25.4,20.7
2025-05-09,Surabaya,26.6,32.6,29.6
2025-05-09,Sidoarjo,25.5,31.6,27.2
2025-05-10,Surabaya,24.8,33.8,29.3
2025-05-10,Kediri,22.8,32.2,26.7
2025-05-10,Sidoarjo,24.8,32.1,28.1
2025-05-10,Malang,22.1,32.4,26.1
2025-05-10,Pasuruan,18.2,26.4,21.4
2025-05-11,Sidoarjo,25.0,32.4,28.0
2025-05-11,Surabaya,26.0,34.0,30.0
2025-05-11,Malang,22.4,33.7,26.3
2025-05-11,Pasuruan,18.4,25.1,21.7
2025-05-11,Kediri,23.6,31.6,26.9
2025-05-12,Sidoarjo,23.4,34.8,28.1
2025-05-12,Malang,22.4,33.0,26.1
2025-05-12,Kediri,24.4,31.8,26.7
2025-05-12,Surabaya,24.4,32.2,28.3
2025-05-12,Pasuruan,19.6,26.3,21.8
2025-05-13,Sidoarjo,25.1,30.8,27.6
2025-05-13,Kediri,24.0,32.4,26.7
2025-05-13,Surabaya,25.4,28.8,27.1
2025-05-13,Malang,23.1,32.0,25.6
2025-05-13,Pasuruan,19.2,24.4,21.2
2025-05-14,Malang,23.2,30.1,25.0
2025-05-14,Sidoarjo,25.7,33.1,28.1
2025-05-14,Surabaya,25.4,33.6,29.5
2025-05-14,Pasuruan,19.0,25.0,21.2
2025-05-14,Kediri,23.8,32.8,26.4
2025-05-15,Sidoarjo,24.4,31.4,27.8
2025-05-15,Malang,22.8,32.4,26.1
2025-05-15,Kediri,24.7,32.8,27.1
2025-05-15,Pasuruan,18.8,24.2,21.0
2025-05-15,Surabaya,25.8,31.5,28.7
2025-05-16,Kediri,24.6,32.0,26.9
2025-05-16,Surabaya,26.5,33.8,30.2
2025-05-16,Pasuruan,19.4,25.9,22.0
2025-05-16,Sidoarjo,25.5,32.0,28.0
2025-05-16,Malang,24.0,30.4,26.4
2025-05-17,Kediri,23.9,31.8,26.5
2025-05-17,Sidoarjo,24.9,31.4,27.3
2025-05-17,Malang,24.0,29.8,25.0
2025-05-17,Surabaya,25.8,31.4,28.6
2025-05-17,Pasuruan,20.1,24.6,22.0
2025-05-18,Kediri,23.8,33.0,27.2
2025-05-18,Surabaya,25.0,33.8,29.4
2025-05-18,Malang,23.8,31.2,25.9
2025-05-18,Pasuruan,19.4,26.6,22.4
2025-05-18,Sidoarjo,24.2,34.7,27.4
2025-05-19,Malang,23.2,30.0,24.8
2025-05-19,Surabaya,25.8,32.3,29.1
2025-05-19,Kediri,24.2,31.6,26.5
2025-05-19,Sidoarjo,25.0,32.9,28.6
2025-05-19,Pasuruan,19.4,26.2,21.0
2025-05-20,Surabaya,24.9,33.6,29.3
2025-05-20,Sidoarjo,24.5,33.2,27.8
2025-05-20,Pasuruan,19.0,25.6,21.9
2025-05-20,Kediri,24.4,32.6,28.6
2025-05-20,Malang,23.2,31.2,26.0
2025-05-21,Malang,23.2,30.8,26.5
2025-05-21,Pasuruan,18.4,25.6,22.2
2025-05-21,Sidoarjo,24.2,32.5,29.1
2025-05-21,Kediri,26.2,32.0,28.8
2025-05-21,Surabaya,25.6,33.2,29.4
2025-05-22,Sidoarjo,24.8,33.6,29.3
2025-05-22,Kediri,25.0,32.6,27.9
2025-05-22,Pasuruan,18.6,26.4,22.3
2025-05-22,Surabaya,26.2,33.3,29.8
2025-05-22,Malang,23.6,30.7,25.8
2025-05-23,Sidoarjo,25.5,29.4,26.8
2025-05-23,Kediri,25.0,29.6,25.5
2025-05-23,Surabaya,26.8,29.8,28.3
2025-05-23,Malang,23.8,31.2,26.1
2025-05-23,Pasuruan,19.8,26.8,20.6
2025-05-24,Malang,21.0,32.6,26.8
2025-05-24,Sidoarjo,24.2,32.0,28.8
2025-05-24,Surabaya,25.0,31.8,28.4
2025-05-24,Kediri,24.0,32.0,27.5
2025-05-24,Pasuruan,19.8,23.8,21.6
2025-05-25,Sidoarjo,26.5,31.4,28.6
2025-05-25,Pasuruan,20.4,25.4,22.3
2025-05-25,Kediri,24.8,31.8,26.4
2025-05-25,Malang,23.0,31.7,26.5
2025-05-25,Surabaya,27.0,32.8,29.9
2025-05-26,Pasuruan,18.4,24.6,20.6
2025-05-26,Kediri,25.2,29.4,25.5
2025-05-26,Sidoarjo,25.8,30.3,26.4
2025-05-26,Surabaya,26.8,31.6,29.2
2025-05-26,Malang,22.2,30.2,24.7
2025-05-27,Pasuruan,18.2,24.5,22.0
2025-05-27,Malang,22.7,30.6,25.9
2025-05-27,Sidoarjo,24.0,32.4,27.2
2025-05-27,Kediri,23.7,31.6,26.6
2025-05-27,Surabaya,25.2,30.5,27.9
2025-05-28,Kediri,24.2,32.2,27.5
2025-05-28,Malang,23.8,32.8,26.5
2025-05-28,Sidoarjo,25.4,32.7,29.4
2025-05-28,Surabaya,25.8,33.0,29.4
2025-05-28,Pasuruan,19.2,25.0,21.3
2025-05-29,Sidoarjo,27.1,33.3,29.9
2025-05-29,Surabaya,26.8,34.6,30.7
2025-05-29,Malang,23.4,34.0,27.1
2025-05-29,Kediri,24.6,32.8,28.9
2025-05-29,Pasuruan,19.4,26.0,23.0
2025-05-30,Pasuruan,19.4,27.8,22.2
2025-05-30,Surabaya,26.5,33.8,30.2
2025-05-30,Malang,23.0,32.4,26.3
2025-05-30,Kediri,23.2,33.0,28.2
2025-05-30,Sidoarjo,25.7,33.6,30.2
2025-05-31,Pasuruan,18.5,26.9,22.6
2025-05-31,Kediri,24.1,33.8,27.5
2025-05-31,Sidoarjo,26.0,35.6,30.1
2025-05-31,Malang,23.0,33.0,25.7
2025-05-31,Surabaya,26.0,34.2,30.1
2025-06-01,Sidoarjo,25.4,33.5,29.0
2025-06-01,Kediri,24.2,32.0,27.7
2025-06-01,Pasuruan,18.6,26.6,22.8
2025-06-01,Malang,23.2,30.5,26.0
2025-06-01,Surabaya,25.2,32.0,28.6
2025-06-02,Kediri,23.0,32.4,27.3
2025-06-02,Pasuruan,17.6,26.6,22.5
2025-06-02,Malang,22.8,33.8,26.5
2025-06-02,Surabaya,25.7,32.6,29.2
2025-06-02,Sidoarjo,25.5,34.2,29.3
2025-06-03,Surabaya,26.5,34.2,30.4
2025-06-03,Sidoarjo,26.3,34.8,29.8
2025-06-03,Malang,22.7,34.1,26.6
2025-06-03,Pasuruan,17.4,29.2,22.3
2025-06-03,Kediri,24.0,33.6,29.0
2025-06-04,Malang,22.6,33.9,26.2
2025-06-04,Pasuruan,17.0,27.7,21.5
2025-06-04,Sidoarjo,26.3,33.8,28.8
2025-06-04,Kediri,23.4,33.4,28.5
2025-06-04,Surabaya,26.2,34.4,30.3
2025-06-05,Sidoarjo,25.5,35.5,29.7
2025-06-05,Pasuruan,18.2,27.4,22.5
2025-06-05,Malang,23.0,31.4,26.7
2025-06-05,Kediri,25.2,32.6,28.6
2025-06-05,Surabaya,26.6,34.8,30.7
2025-06-06,Malang,20.2,32.4,25.0
2025-06-06,Kediri,24.2,32.8,27.4
2025-06-06,Sidoarjo,23.9,32.5,28.6
2025-06-06,Pasuruan,17.0,27.4,22.3
2025-06-06,Surabaya,24.2,33.8,29.0
2025-06-07,Pasuruan,17.0,26.9,21.5
2025-06-07,Surabaya,25.4,33.2,29.3
2025-06-07,Kediri,24.4,32.2,28.2
2025-06-07,Malang,21.2,31.8,25.9
2025-06-07,Sidoarjo,25.4,32.8,28.6
2025-06-08,Surabaya,25.8,33.9,29.9
2025-06-08,Sidoarjo,25.5,32.5,28.8
2025-06-08,Malang,23.1,30.6,26.0
2025-06-08,Pasuruan,18.2,25.4,22.1
2025-06-08,Kediri,26.4,32.4,28.5
2025-06-09,Surabaya,25.0,31.0,28.0
2025-06-09,Sidoarjo,23.7,30.6,26.9
2025-06-09,Kediri,23.0,31.4,26.0
2025-06-09,Malang,22.8,32.4,25.8
2025-06-09,Pasuruan,18.0,25.8,21.5
2025-06-10,Pasuruan,18.0,26.3,22.0
2025-06-10,Malang,22.5,32.2,25.9
2025-06-10,Sidoarjo,24.3,31.8,28.1
2025-06-10,Surabaya,24.9,32.8,28.9
2025-06-10,Kediri,23.6,32.9,27.0
2025-06-11,Pasuruan,19.9,27.0,22.8
2025-06-11,Surabaya,25.8,33.1,29.5
2025-06-11,Kediri,23.8,31.6,28.3
2025-06-11,Sidoarjo,26.1,31.8,28.8
2025-06-11,Malang,23.2,31.4,26.3
2025-06-12,Surabaya,25.1,32.5,28.8
2025-06-12,Kediri,25.5,32.8,28.0
2025-06-12,Sidoarjo,24.9,32.7,28.3
2025-06-12,Pasuruan,16.6,27.4,22.1
2025-06-12,Malang,21.2,32.0,25.9
2025-06-13,Malang,22.0,34.8,24.4
2025-06-13,Sidoarjo,25.5,32.8,28.4
2025-06-13,Pasuruan,17.0,27.0,22.5
2025-06-13,Surabaya,25.2,32.2,28.7
2025-06-13,Kediri,26.0,32.4,28.6
2025-06-14,Surabaya,26.4,32.6,29.5
2025-06-14,Kediri,23.6,33.0,27.2
2025-06-14,Malang,22.5,32.9,25.8
2025-06-14,Sidoarjo,24.6,31.7,28.5
2025-06-14,Pasuruan,18.9,27.6,22.8
2025-06-15,Malang,22.8,33.2,26.5
2025-06-15,Surabaya,27.0,33.4,30.2
2025-06-15,Sidoarjo,27.0,31.8,29.0
2025-06-15,Pasuruan,18.8,26.9,21.7
2025-06-15,Kediri,24.0,32.4,27.7
2025-06-16,Surabaya,26.5,33.0,29.8
2025-06-16,Kediri,23.6,33.2,27.1
2025-06-16,Sidoarjo,25.8,33.9,28.7
2025-06-16,Pasuruan,18.8,27.2,22.4
2025-06-16,Malang,22.8,32.0,26.5
2025-06-17,Surabaya,26.8,33.4,30.1
2025-06-17,Sidoarjo,25.4,33.1,29.3
2025-06-17,Kediri,24.6,31.7,28.1
2025-06-17,Pasuruan,18.5,27.0,21.6
2025-06-17,Malang,23.2,30.9,25.8
2025-06-18,Sidoarjo,24.8,32.1,28.0
2025-06-18,Pasuruan,16.6,25.2,20.2
2025-06-18,Malang,21.0,31.4,24.8
2025-06-18,Kediri,25.0,32.0,27.7
2025-06-18,Surabaya,25.4,32.7,29.1
2025-06-19,Kediri,24.8,30.2,26.9
2025-06-19,Sidoarjo,23.7,32.2,27.5
2025-06-19,Pasuruan,16.6,26.2,20.3
2025-06-19,Malang,19.4,30.4,23.6
2025-06-19,Surabaya,24.0,32.0,28.0
2025-06-20,Surabaya,25.0,30.0,27.5
2025-06-20,Sidoarjo,24.8,29.4,26.7
2025-06-20,Kediri,22.0,32.0,26.3
2025-06-20,Pasuruan,18.0,23.4,20.1
2025-06-20,Malang,19.5,31.0,25.0
2025-06-21,Malang,22.0,32.4,25.7
2025-06-21,Pasuruan,17.0,27.0,20.8
2025-06-21,Sidoarjo,24.7,31.7,27.8
2025-06-21,Surabaya,25.2,33.2,29.2
2025-06-21,Kediri,22.5,32.6,26.6
2025-06-22,Malang,22.0,31.8,25.4
2025-06-22,Sidoarjo,25.0,30.7,27.8
2025-06-22,Pasuruan,17.4,24.2,21.3
2025-06-22,Kediri,22.6,31.4,27.1
2025-06-22,Surabaya,25.8,31.0,28.4
2025-06-23,Sidoarjo,24.9,31.5,27.8
2025-06-23,Kediri,23.8,31.7,27.9
2025-06-23,Surabaya,25.8,33.3,29.6
2025-06-23,Pasuruan,18.8,25.4,20.9
2025-06-23,Malang,22.8,30.3,25.4
2025-06-24,Malang,21.6,31.0,25.4
2025-06-24,Sidoarjo,24.7,32.0,27.8
2025-06-24,Surabaya,25.3,33.2,29.3
2025-06-24,Kediri,24.8,32.2,27.7
2025-06-24,Pasuruan,16.4,26.6,20.8
2025-06-25,Surabaya,25.6,32.0,28.8
2025-06-25,Kediri,25.6,31.8,27.9
2025-06-25,Sidoarjo,25.7,31.6,28.0
2025-06-25,Malang,23.0,30.4,25.6
2025-06-25,Pasuruan,18.2,26.3,21.3
2025-06-26,Kediri,26.0,31.6,28.2
2025-06-26,Malang,22.8,30.4,25.8
2025-06-26,Surabaya,25.4,33.4,29.4
2025-06-26,Sidoarjo,25.6,32.2,28.3
2025-06-26,Pasuruan,19.0,25.0,22.4
2025-06-27,Sidoarjo,24.6,31.7,28.5
2025-06-27,Malang,23.9,31.0,26.1
2025-06-27,Kediri,25.8,31.4,28.1
2025-06-27,Pasuruan,19.0,27.6,22.3
2025-06-27,Surabaya,26.2,33.2,29.7
2025-06-28,Sidoarjo,24.1,32.4,28.4
2025-06-28,Malang,23.7,29.5,25.6
2025-06-28,Pasuruan,18.4,26.0,22.2
2025-06-28,Kediri,25.6,30.4,27.3
2025-06-28,Surabaya,26.4,33.3,29.9
2025-06-29,Surabaya,26.0,33.0,29.5
2025-06-29,Malang,22.8,30.6,25.1
2025-06-29,Kediri,25.0,31.2,27.6
2025-06-29,Sidoarjo,23.5,31.2,27.3
2025-06-29,Pasuruan,18.0,25.8,21.1
2025-06-30,Malang,21.8,29.4,24.5
2025-06-30,Pasuruan,17.8,25.0,21.5
2025-06-30,Sidoarjo,24.5,31.7,27.3
2025-06-30,Surabaya,24.8,32.7,28.8
2025-06-30,Kediri,22.6,31.8,27.5
2025-07-01,Malang,21.8,31.4,25.6
2025-07-01,Surabaya,25.6,33.6,29.6
2025-07-01,Sidoarjo,24.3,31.7,28.0
2025-07-01,Pasuruan,16.0,27.3,20.8
2025-07-01,Kediri,22.6,33.2,26.5
2025-07-02,Sidoarjo,25.0,32.4,28.2
2025-07-02,Malang,21.4,31.8,25.4
2025-07-02,Pasuruan,16.2,26.5,21.5
2025-07-02,Surabaya,25.6,34.1,29.9
2025-07-02,Kediri,22.0,32.0,26.5
2025-07-03,Sidoarjo,25.5,32.6,28.2
2025-07-03,Pasuruan,19.2,23.8,21.2
2025-07-03,Malang,21.4,30.4,25.6
2025-07-03,Kediri,23.2,30.8,27.8
2025-07-03,Surabaya,25.8,33.6,29.7
2025-07-04,Surabaya,25.6,33.8,29.7
2025-07-04,Pasuruan,19.0,26.1,21.6
2025-07-04,Kediri,24.8,28.4,26.7
2025-07-04,Malang,23.2,25.8,23.6
2025-07-04,Sidoarjo,25.2,33.1,28.4
2025-07-05,Sidoarjo,23.7,31.9,27.2
2025-07-05,Kediri,24.9,30.8,26.7
2025-07-05,Malang,21.0,28.4,23.8
2025-07-05,Pasuruan,17.5,25.0,21.2
2025-07-05,Surabaya,24.0,32.8,28.4
2025-07-06,Malang,21.2,28.0,24.2
2025-07-06,Surabaya,24.4,29.2,26.8
2025-07-06,Kediri,24.8,29.6,26.8
2025-07-06,Sidoarjo,24.4,28.2,26.0
2025-07-06,Pasuruan,18.5,25.4,21.0
2025-07-07,Malang,22.4,30.0,25.3
2025-07-07,Kediri,23.8,31.2,27.2
2025-07-07,Pasuruan,18.0,27.4,23.1
2025-07-07,Sidoarjo,23.9,32.2,27.6
2025-07-07,Surabaya,24.8,33.4,29.1
2025-07-08,Pasuruan,18.4,25.8,21.0
2025-07-08,Sidoarjo,24.1,31.2,27.1
2025-07-08,Kediri,23.8,31.6,26.8
2025-07-08,Surabaya,24.0,32.6,28.3
2025-07-08,Malang,22.4,29.5,24.8
2025-07-09,Kediri,24.2,30.0,26.0
2025-07-09,Malang,21.2,28.4,23.8
2025-07-09,Sidoarjo,23.0,31.3,26.5
2025-07-09,Surabaya,23.0,31.4,27.2
2025-07-09,Pasuruan,16.2,25.0,20.3
2025-07-10,Kediri,23.4,30.4,26.4
2025-07-10,Malang,19.2,29.2,22.9
2025-07-10,Pasuruan,14.4,25.3,19.3
2025-07-10,Surabaya,22.0,32.2,27.1
2025-07-10,Sidoarjo,21.5,31.4,25.8
2025-07-11,Kediri,23.4,32.2,27.0
2025-07-11,Surabaya,22.4,32.0,27.2
2025-07-11,Pasuruan,14.5,25.5,20.4
2025-07-11,Sidoarjo,22.3,30.8,26.5
2025-07-11,Malang,18.8,29.4,23.3
2025-07-12,Kediri,22.2,30.2,26.4
2025-07-12,Pasuruan,14.3,24.8,21.6
2025-07-12,Malang,19.6,28.4,23.0
2025-07-12,Surabaya,23.8,31.0,27.4
2025-07-12,Sidoarjo,23.1,30.5,26.3
2025-07-13,Kediri,22.9,31.8,26.8
2025-07-13,Malang,21.2,30.0,24.5
2025-07-13,Surabaya,23.8,33.0,28.4
2025-07-13,Sidoarjo,23.3,31.5,29.3
2025-07-13,Pasuruan,18.8,25.4,22.1
2025-07-14,Malang,21.2,29.7,25.3
2025-07-14,Kediri,22.8,31.2,27.4
2025-07-14,Pasuruan,18.0,26.2,20.9
2025-07-14,Surabaya,25.0,33.4,29.2
2025-07-14,Sidoarjo,24.7,32.0,27.7
2025-07-15,Surabaya,24.2,34.2,29.2
2025-07-15,Kediri,24.4,31.4,27.8
2025-07-15,Pasuruan,17.1,27.4,20.7
2025-07-15,Malang,23.0,30.4,25.6
2025-07-15,Sidoarjo,23.5,32.7,27.6
2025-07-16,Kediri,25.2,30.6,27.0
2025-07-16,Pasuruan,18.0,25.4,22.1
2025-07-16,Malang,22.4,30.8,24.5
2025-07-16,Sidoarjo,24.3,32.3,27.9
2025-07-16,Surabaya,24.4,33.8,29.1
2025-07-17,Kediri,24.6,31.2,26.6
2025-07-17,Malang,19.6,30.0,23.3
2025-07-17,Surabaya,24.2,33.2,28.7
2025-07-17,Pasuruan,15.8,26.4,19.6
2025-07-17,Sidoarjo,23.8,31.6,27.0
2025-07-18,Surabaya,23.6,32.6,28.1
2025-07-18,Pasuruan,14.4,25.0,19.9
2025-07-18,Sidoarjo,22.8,30.8,26.5
2025-07-18,Malang,19.7,30.0,24.5
2025-07-18,Kediri,24.0,31.0,26.8
2025-07-19,Surabaya,22.8,32.4,27.6
2025-07-19,Pasuruan,14.8,25.4,20.1
2025-07-19,Sidoarjo,22.1,30.9,26.1
2025-07-19,Malang,19.0,31.0,23.3
2025-07-19,Kediri,23.7,31.4,26.9
2025-07-20,Pasuruan,13.0,26.5,19.4
2025-07-20,Sidoarjo,21.8,30.2,25.7
2025-07-20,Surabaya,22.6,32.2,27.4
2025-07-20,Malang,18.4,30.2,23.0
2025-07-20,Kediri,23.6,30.4,26.6
2025-07-21,Kediri,23.2,30.8,27.1
2025-07-21,Malang,18.0,29.0,22.4
2025-07-21,Pasuruan,14.2,26.0,21.4
2025-07-21,Sidoarjo,21.6,31.1,25.8
2025-07-21,Surabaya,22.2,33.0,27.6
2025-07-22,Surabaya,22.4,33.2,27.8
2025-07-22,Malang,18.0,31.2,23.0
2025-07-22,Sidoarjo,21.5,31.7,26.0
2025-07-22,Kediri,23.4,31.6,26.6
2025-07-22,Pasuruan,14.2,26.7,21.2
2025-07-23,Malang,19.2,30.6,24.0
2025-07-23,Surabaya,23.2,34.0,28.6
2025-07-23,Sidoarjo,22.4,31.7,27.2
2025-07-23,Pasuruan,17.2,26.8,21.0
2025-07-23,Kediri,22.0,33.8,26.4
2025-07-24,Pasuruan,16.6,30.0,21.5
2025-07-24,Surabaya,25.0,33.4,29.2
2025-07-24,Kediri,21.8,31.8,27.4
2025-07-24,Sidoarjo,24.3,31.7,27.5
2025-07-24,Malang,20.8,30.4,24.2
2025-07-25,Sidoarjo,24.7,32.4,28.1
2025-07-25,Kediri,25.1,30.8,27.3
2025-07-25,Surabaya,24.4,33.8,29.1
2025-07-25,Pasuruan,18.4,27.3,21.8
2025-07-25,Malang,21.0,28.8,25.0
2025-07-26,Sidoarjo,23.3,32.2,28.3
2025-07-26,Malang,23.4,31.2,26.2
2025-07-26,Kediri,23.4,32.0,28.5
2025-07-26,Surabaya,25.4,34.6,30.0
2025-07-26,Pasuruan,17.7,27.2,22.7
2025-07-27,Pasuruan,17.8,26.4,21.9
2025-07-27,Malang,22.0,32.8,26.8
2025-07-27,Kediri,25.0,33.4,28.4
2025-07-27,Surabaya,26.8,33.8,30.3
2025-07-27,Sidoarjo,25.9,32.4,28.2
2025-07-28,Kediri,25.2,32.8,28.2
2025-07-28,Pasuruan,17.6,24.0,20.8
2025-07-28,Malang,21.4,31.4,25.7
2025-07-28,Surabaya,25.6,34.1,29.9
2025-07-28,Sidoarjo,24.2,32.1,28.5
2025-07-29,Sidoarjo,25.7,32.8,28.9
2025-07-29,Surabaya,25.6,33.6,29.6
2025-07-29,Malang,21.2,27.0,24.2
2025-07-29,Pasuruan,17.2,24.0,20.7
2025-07-29,Kediri,24.8,30.0,26.6
2025-07-30,Malang,22.5,26.3,23.1
2025-07-30,Sidoarjo,24.3,32.6,27.6
2025-07-30,Pasuruan,17.0,25.7,20.8
2025-07-30,Kediri,25.0,29.0,26.5
2025-07-30,Surabaya,25.4,33.2,29.3
2025-07-31,Surabaya,23.8,33.6,28.7
2025-07-31,Sidoarjo,23.3,31.7,27.1
2025-07-31,Malang,22.0,29.0,24.2
2025-07-31,Kediri,24.4,31.2,26.9
2025-07-31,Pasuruan,17.2,27.0,21.1
2025-08-01,Sidoarjo,23.4,32.2,27.4
2025-08-01,Kediri,24.4,33.2,27.9
2025-08-01,Pasuruan,15.7,27.4,22.0
2025-08-01,Malang,21.8,30.6,25.0
2025-08-01,Surabaya,24.0,33.8,28.9
2025-08-02,Surabaya,24.8,33.9,29.4
2025-08-02,Malang,23.0,32.8,26.2
2025-08-02,Pasuruan,17.6,29.2,22.8
2025-08-02,Sidoarjo,24.4,32.8,28.2
2025-08-02,Kediri,23.2,33.2,28.0
2025-08-03,Surabaya,26.3,34.0,30.2
2025-08-03,Kediri,25.2,33.2,28.1
2025-08-03,Malang,23.0,33.0,26.3
2025-08-03,Pasuruan,17.8,27.4,22.1
2025-08-03,Sidoarjo,25.3,32.4,28.6
2025-08-04,Surabaya,25.0,34.8,29.9
2025-08-04,Malang,23.2,33.0,26.6
2025-08-04,Kediri,26.0,34.4,29.5
2025-08-04,Pasuruan,18.8,25.6,21.8
2025-08-04,Sidoarjo,25.0,33.0,28.5
2025-08-05,Pasuruan,17.6,25.8,21.1
2025-08-05,Malang,23.2,33.2,26.0
2025-08-05,Kediri,25.4,32.4,28.0
2025-08-05,Surabaya,25.2,32.8,29.0
2025-08-05,Sidoarjo,24.8,31.8,27.8
2025-08-06,Sidoarjo,24.1,32.3,27.6
2025-08-06,Kediri,25.2,33.2,27.8
2025-08-06,Malang,21.2,31.9,24.9
2025-08-06,Pasuruan,16.5,25.4,21.0
2025-08-06,Surabaya,24.4,33.8,29.1
2025-08-07,Sidoarjo,23.8,30.9,27.0
2025-08-07,Malang,21.2,32.4,25.3
2025-08-07,Pasuruan,16.0,25.4,21.1
2025-08-07,Kediri,24.4,32.4,28.2
2025-08-07,Surabaya,24.5,32.8,28.7
2025-08-08,Surabaya,25.2,33.8,29.5
2025-08-08,Malang,22.2,32.0,26.5
2025-08-08,Pasuruan,17.8,26.6,20.7
2025-08-08,Kediri,25.0,33.6,28.0
2025-08-08,Sidoarjo,24.6,31.5,27.9
2025-08-09,Surabaya,25.0,34.8,29.9
2025-08-09,Pasuruan,16.2,28.2,22.6
2025-08-09,Malang,22.4,33.0,26.4
2025-08-09,Kediri,23.2,33.6,27.1
2025-08-09,Sidoarjo,24.3,32.4,28.1
2025-08-10,Kediri,25.4,32.8,28.1
2025-08-10,Surabaya,26.0,34.8,30.4
2025-08-10,Malang,23.6,30.8,26.1
2025-08-10,Pasuruan,16.8,27.0,21.7
2025-08-10,Sidoarjo,25.2,32.9,28.5
2025-08-11,Malang,21.9,31.4,25.3
2025-08-11,Kediri,25.0,32.4,28.4
2025-08-11,Surabaya,26.2,34.4,30.3
2025-08-11,Pasuruan,17.2,27.6,22.0
2025-08-11,Sidoarjo,25.1,31.9,28.4
2025-08-12,Surabaya,25.4,34.0,29.7
2025-08-12,Pasuruan,17.6,26.6,21.8
2025-08-12,Sidoarjo,25.0,32.0,28.1
2025-08-12,Malang,21.8,31.2,25.2
2025-08-12,Kediri,25.8,32.8,28.2
2025-08-13,Surabaya,25.0,33.0,29.0
2025-08-13,Pasuruan,17.4,26.0,21.9
2025-08-13,Kediri,25.0,32.6,27.2
2025-08-13,Malang,21.4,31.8,25.7
2025-08-13,Sidoarjo,24.2,31.1,27.3
2025-08-14,Pasuruan,16.2,24.8,18.8
2025-08-14,Kediri,24.8,31.0,27.2
2025-08-14,Surabaya,24.8,33.6,29.2
2025-08-14,Malang,20.7,30.0,24.5
2025-08-14,Sidoarjo,24.2,32.2,27.3
2025-08-15,Malang,21.0,30.2,24.5
2025-08-15,Pasuruan,15.6,25.8,20.8
2025-08-15,Surabaya,23.0,33.8,28.4
2025-08-15,Sidoarjo,22.4,31.8,26.7
2025-08-15,Kediri,24.2,31.8,27.3
2025-08-16,Kediri,25.2,33.2,28.0
2025-08-16,Surabaya,24.6,33.6,29.1
2025-08-16,Sidoarjo,23.7,30.9,27.3
2025-08-16,Pasuruan,16.0,26.0,20.4
2025-08-16,Malang,21.6,30.8,25.0
2025-08-17,Malang,21.4,31.8,25.2
2025-08-17,Pasuruan,15.6,27.8,21.5
2025-08-17,Kediri,23.8,32.4,28.9
2025-08-17,Sidoarjo,24.1,31.6,27.4
2025-08-17,Surabaya,25.4,34.1,29.8
2025-08-18,Malang,21.8,32.2,25.1
2025-08-18,Surabaya,26.0,33.4,29.7
2025-08-18,Kediri,24.0,33.2,27.4
2025-08-18,Pasuruan,17.8,27.9,21.5
2025-08-18,Sidoarjo,25.3,32.2,28.3
2025-08-19,Pasuruan,9999.0,27.0,21.6
2025-08-19,Malang,22.8,31.2,24.0
2025-08-19,Surabaya,25.4,32.2,28.8
2025-08-19,Sidoarjo,25.8,31.6,27.1
2025-08-19,Kediri,24.0,33.0,27.1
2025-08-20,Pasuruan,18.7,27.0,20.5
2025-08-20,Surabaya,24.2,33.6,28.9
2025-08-20,Sidoarjo,23.6,31.4,26.7
2025-08-20,Malang,22.0,32.0,25.8
2025-08-20,Kediri,23.0,33.0,27.1
2025-08-21,Malang,22.0,32.6,25.2
2025-08-21,Surabaya,25.0,32.8,28.9
2025-08-21,Sidoarjo,23.6,31.4,27.3
2025-08-21,Kediri,23.0,32.4,27.1
2025-08-21,Pasuruan,17.6,25.2,21.4
2025-08-22,Kediri,23.0,33.7,26.4
2025-08-22,Surabaya,25.2,34.0,29.6
2025-08-22,Malang,21.0,29.8,24.5
2025-08-22,Sidoarjo,24.7,32.1,27.8
2025-08-22,Pasuruan,16.6,24.8,20.3
2025-08-23,Surabaya,25.5,33.6,29.6
2025-08-23,Sidoarjo,25.3,31.7,28.5
2025-08-23,Kediri,23.0,33.4,28.5
2025-08-23,Malang,20.4,32.8,25.4
2025-08-23,Pasuruan,16.6,25.4,20.2
2025-08-24,Sidoarjo,25.5,31.6,28.0
2025-08-24,Malang,20.8,31.4,24.9
2025-08-24,Pasuruan,15.2,26.6,20.5
2025-08-24,Kediri,22.8,33.2,27.1
2025-08-24,Surabaya,25.6,34.0,29.8
2025-08-25,Kediri,23.2,32.0,26.9
2025-08-25,Pasuruan,15.4,27.2,21.0
2025-08-25,Surabaya,25.0,33.8,29.4
2025-08-25,Malang,20.2,31.2,24.2
2025-08-25,Sidoarjo,23.5,32.1,28.2
2025-08-26,Malang,22.2,29.8,24.6
2025-08-26,Kediri,24.2,31.8,27.3
2025-08-26,Pasuruan,13.6,27.6,20.8
2025-08-26,Surabaya,23.2,33.8,28.5
2025-08-26,Sidoarjo,22.6,32.6,27.5
2025-08-27,Surabaya,23.6,34.4,29.0
2025-08-27,Kediri,25.0,30.0,26.9
2025-08-27,Pasuruan,16.8,25.6,21.0
2025-08-27,Malang,21.2,27.9,23.2
2025-08-27,Sidoarjo,23.4,32.1,28.0
2025-08-28,Kediri,22.8,28.4,26.6
2025-08-28,Malang,22.0,26.4,23.1
2025-08-28,Sidoarjo,24.7,32.1,28.1
2025-08-28,Surabaya,24.7,33.5,29.1
2025-08-28,Pasuruan,18.2,25.0,21.6
2025-08-29,Malang,22.0,28.0,23.9
2025-08-29,Surabaya,23.0,33.7,28.4
2025-08-29,Sidoarjo,23.6,32.3,27.9
2025-08-29,Kediri,23.4,29.2,25.8
2025-08-29,Pasuruan,16.0,25.0,20.8
2025-08-30,Pasuruan,17.6,27.6,22.1
2025-08-30,Malang,21.2,29.8,25.0
2025-08-30,Kediri,24.6,32.2,27.8
2025-08-30,Surabaya,24.4,34.4,29.4
2025-08-30,Sidoarjo,24.0,32.4,28.0
2025-08-31,Pasuruan,17.0,28.0,23.3
2025-08-31,Surabaya,25.0,34.8,29.9
2025-08-31,Sidoarjo,24.5,32.9,28.4
2025-08-31,Malang,21.8,30.2,24.9
2025-08-31,Kediri,25.0,32.1,27.9
2025-09-01,Malang,21.4,30.6,25.3
2025-09-01,Pasuruan,16.0,27.2,21.0
2025-09-01,Sidoarjo,24.2,31.8,27.9
2025-09-01,Kediri,24.2,33.0,28.1
2025-09-01,Surabaya,25.6,33.4,29.5
2025-09-02,Pasuruan,18.0,28.4,22.1
2025-09-02,Kediri,21.2,34.4,27.0
2025-09-02,Sidoarjo,25.8,32.3,29.4
2025-09-02,Surabaya,26.2,33.4,29.8
2025-09-02,Malang,21.4,33.0,26.4
2025-09-03,Sidoarjo,25.0,32.3,28.7
2025-09-03,Surabaya,27.0,33.4,30.2
2025-09-03,Malang,21.2,33.8,26.2
2025-09-03,Pasuruan,16.4,28.7,22.0
2025-09-03,Kediri,21.7,34.8,28.0
2025-09-04,Kediri,23.0,33.4,28.0
2025-09-04,Pasuruan,16.0,27.2,22.0
2025-09-04,Sidoarjo,25.3,33.0,28.5
2025-09-04,Malang,22.4,32.0,26.6
2025-09-04,Surabaya,26.8,34.4,30.6
2025-09-05,Sidoarjo,24.4,32.4,27.9
2025-09-05,Surabaya,24.8,34.2,29.5
2025-09-05,Pasuruan,15.6,27.4,22.3
2025-09-05,Malang,23.0,34.6,25.7
2025-09-05,Kediri,25.2,32.4,27.8
2025-09-06,Malang,22.1,31.6,24.9
2025-09-06,Kediri,24.7,31.0,27.2
2025-09-06,Surabaya,24.8,34.5,29.7
2025-09-06,Sidoarjo,23.9,32.8,28.1
2025-09-06,Pasuruan,17.0,27.4,21.6
2025-09-07,Surabaya,23.6,35.0,29.3
2025-09-07,Pasuruan,15.6,28.3,21.4
2025-09-07,Sidoarjo,22.5,32.9,27.9
2025-09-07,Kediri,24.4,30.9,27.2
2025-09-07,Malang,20.4,30.0,24.5
2025-09-08,Malang,21.8,29.6,24.7
2025-09-08,Pasuruan,17.0,28.3,22.0
2025-09-08,Sidoarjo,23.9,33.1,27.8
2025-09-08,Kediri,24.6,31.2,27.6
2025-09-08,Surabaya,23.8,34.4,29.1
2025-09-09,Malang,22.2,27.8,24.6
2025-09-09,Surabaya,25.0,35.2,30.1
2025-09-09,Pasuruan,17.0,26.8,22.8
2025-09-09,Sidoarjo,24.7,33.7,29.3
2025-09-09,Kediri,25.2,30.4,26.9
2025-09-10,Pasuruan,19.5,26.8,23.0
2025-09-10,Kediri,24.6,31.4,26.8
2025-09-10,Sidoarjo,25.4,33.4,29.2
2025-09-10,Malang,22.4,28.2,24.6
2025-09-10,Surabaya,26.0,35.4,30.7
2025-09-11,Sidoarjo,25.1,33.0,28.6
2025-09-11,Pasuruan,19.4,28.2,22.8
2025-09-11,Kediri,25.0,34.4,28.6
2025-09-11,Malang,22.8,32.4,26.5
2025-09-11,Surabaya,25.6,34.0,29.8
2025-09-12,Pasuruan,17.6,28.8,22.6
2025-09-12,Surabaya,24.9,35.0,30.0
2025-09-12,Malang,22.8,32.2,26.3
2025-09-12,Kediri,25.0,33.2,28.5
2025-09-12,Sidoarjo,24.4,33.6,28.8
2025-09-13,Kediri,25.4,33.7,28.8
2025-09-13,Malang,22.0,32.4,26.2
2025-09-13,Surabaya,25.0,35.2,30.1
2025-09-13,Pasuruan,17.4,28.2,22.2
2025-09-13,Sidoarjo,24.9,33.2,29.0
2025-09-14,Surabaya,25.2,35.0,30.1
2025-09-14,Kediri,26.0,31.8,28.3
2025-09-14,Pasuruan,15.3,27.3,21.3
2025-09-14,Malang,21.5,30.0,25.9
2025-09-14,Sidoarjo,24.3,33.3,28.5
2025-09-15,Pasuruan,15.4,27.6,22.3
2025-09-15,Malang,22.0,30.6,25.3
2025-09-15,Kediri,26.1,31.4,28.0
2025-09-15,Surabaya,26.2,35.4,30.8
2025-09-15,Sidoarjo,25.1,33.0,28.7
2025-09-16,Kediri,25.6,32.0,28.2
2025-09-16,Pasuruan,18.0,25.2,20.8
2025-09-16,Sidoarjo,25.3,33.0,29.0
2025-09-16,Malang,23.6,29.4,25.8
2025-09-16,Surabaya,25.8,33.9,29.9
2025-09-17,Surabaya,25.6,34.5,30.1
2025-09-17,Pasuruan,17.6,26.8,21.9
2025-09-17,Kediri,25.6,32.4,28.1
2025-09-17,Malang,22.8,32.5,26.2
2025-09-17,Sidoarjo,25.2,32.9,28.7
2025-09-18,Malang,23.4,30.0,25.3
2025-09-18,Sidoarjo,24.6,33.4,29.3
2025-09-18,Surabaya,25.0,34.8,29.9
2025-09-18,Pasuruan,18.6,26.2,22.7
2025-09-18,Kediri,25.3,31.6,27.5
2025-09-19,Kediri,25.4,33.4,28.6
2025-09-19,Surabaya,27.0,34.2,30.6
2025-09-19,Pasuruan,19.0,27.0,23.2
2025-09-19,Sidoarjo,27.2,33.4,30.4
2025-09-19,Malang,23.0,30.6,25.7
2025-09-20,Kediri,23.2,34.2,28.6
2025-09-20,Sidoarjo,25.2,33.7,30.6
2025-09-20,Pasuruan,17.6,27.6,22.4
2025-09-20,Malang,23.0,32.2,27.1
2025-09-20,Surabaya,26.6,35.0,30.8
2025-09-21,Pasuruan,17.6,26.8,22.1
2025-09-21,Sidoarjo,26.4,34.2,30.0
2025-09-21,Malang,23.6,32.0,27.0
2025-09-21,Surabaya,27.0,35.2,31.1
2025-09-21,Kediri,25.0,34.0,28.9
2025-09-22,Pasuruan,16.4,29.4,22.4
2025-09-22,Sidoarjo,25.7,33.8,29.6
2025-09-22,Malang,22.6,31.0,26.1
2025-09-22,Surabaya,26.3,35.2,30.8
2025-09-22,Kediri,25.0,33.0,28.3
2025-09-23,Pasuruan,16.4,28.4,22.9
2025-09-23,Malang,21.6,33.0,25.8
2025-09-23,Kediri,25.2,34.2,28.7
2025-09-23,Sidoarjo,24.6,34.6,29.2
2025-09-23,Surabaya,24.8,36.4,30.6
2025-09-24,Kediri,25.4,33.4,28.6
2025-09-24,Sidoarjo,25.3,34.1,29.3
2025-09-24,Pasuruan,16.0,28.4,21.9
2025-09-24,Surabaya,25.4,35.5,30.5
2025-09-24,Malang,21.8,31.8,25.9
2025-09-25,Sidoarjo,26.0,34.8,29.9
2025-09-25,Surabaya,25.7,35.3,30.5
2025-09-25,Kediri,24.4,34.8,28.6
2025-09-25,Pasuruan,18.2,27.6,23.0
2025-09-25,Malang,21.8,33.0,26.3
2025-09-26,Kediri,23.6,33.8,28.0
2025-09-26,Sidoarjo,26.9,34.7,30.3
2025-09-26,Malang,22.7,32.3,26.3
2025-09-26,Pasuruan,17.6,27.8,22.4
2025-09-26,Surabaya,26.6,36.0,31.3
2025-09-27,Sidoarjo,26.5,34.3,30.0
2025-09-27,Pasuruan,18.0,28.4,23.0
2025-09-27,Surabaya,27.6,35.4,31.5
2025-09-27,Kediri,23.8,34.2,29.1
2025-09-27,Malang,23.2,32.0,26.5
2025-09-28,Surabaya,27.2,36.0,31.6
2025-09-28,Sidoarjo,28.2,33.8,30.9
2025-09-28,Kediri,23.8,35.4,30.2
2025-09-28,Pasuruan,18.8,29.0,23.6
2025-09-28,Malang,23.2,34.2,27.2
2025-09-29,Pasuruan,17.4,29.0,23.3
2025-09-29,Malang,24.2,32.0,26.5
2025-09-29,Surabaya,28.0,36.8,32.4
2025-09-29,Sidoarjo,26.9,34.9,31.2
2025-09-29,Kediri,26.0,33.8,28.7
2025-09-30,Kediri,23.2,32.2,26.7
2025-09-30,Malang,24.0,32.0,24.6
2025-09-30,Surabaya,25.6,32.6,29.1
2025-09-30,Sidoarjo,26.8,32.7,29.2
2025-09-30,Pasuruan,20.0,26.4,22.1
2025-10-01,Malang,21.4,32.0,25.8
2025-10-01,Kediri,22.2,33.0,27.1
2025-10-01,Pasuruan,18.4,27.0,21.9
2025-10-01,Surabaya,24.8,32.4,28.6
2025-10-01,Sidoarjo,24.7,32.7,27.8
2025-10-02,Surabaya,25.6,35.2,30.4
2025-10-02,Pasuruan,16.0,29.0,22.9
2025-10-02,Sidoarjo,25.2,35.0,30.0
2025-10-02,Malang,21.8,32.0,25.9
2025-10-02,Kediri,22.4,34.2,27.2
2025-10-03,Kediri,22.4,33.6,28.7
2025-10-03,Pasuruan,17.4,30.0,23.4
2025-10-03,Sidoarjo,25.8,35.1,30.2
2025-10-03,Malang,22.7,33.0,27.1
2025-10-03,Surabaya,25.6,35.3,30.5
2025-10-04,Kediri,23.8,33.2,29.2
2025-10-04,Sidoarjo,24.9,35.1,29.7
2025-10-04,Pasuruan,18.0,29.0,23.6
2025-10-04,Surabaya,25.0,36.8,30.9
2025-10-04,Malang,20.8,32.8,26.1
2025-10-05,Pasuruan,16.0,29.4,22.0
2025-10-05,Malang,23.0,34.2,26.9
2025-10-05,Sidoarjo,25.7,34.7,30.1
2025-10-05,Surabaya,26.0,35.4,30.7
2025-10-05,Kediri,24.2,36.0,29.4
2025-10-06,Malang,21.8,32.1,26.0
2025-10-06,Kediri,24.8,34.0,29.8
2025-10-06,Surabaya,26.6,36.2,31.4
2025-10-06,Sidoarjo,26.6,34.4,30.7
2025-10-06,Pasuruan,16.0,29.0,22.6
2025-10-07,Surabaya,26.8,36.8,31.8
2025-10-07,Malang,21.9,33.5,27.1
2025-10-07,Sidoarjo,25.8,35.6,30.4
2025-10-07,Kediri,22.4,34.4,29.4
2025-10-07,Pasuruan,15.8,29.0,21.7
2025-10-08,Pasuruan,19.0,28.2,22.7
2025-10-08,Malang,22.4,31.4,26.1
2025-10-08,Surabaya,25.8,35.0,30.4
2025-10-08,Kediri,25.6,32.2,28.3
2025-10-08,Sidoarjo,24.3,34.7,30.1
2025-10-09,Surabaya,25.5,36.9,31.2
2025-10-09,Malang,21.4,32.6,26.0
2025-10-09,Pasuruan,18.0,28.8,20.6
2025-10-09,Kediri,25.4,33.4,28.7
2025-10-09,Sidoarjo,25.0,34.3,29.6
2025-10-10,Sidoarjo,25.1,34.5,29.8
2025-10-10,Pasuruan,17.2,27.4,22.1
2025-10-10,Surabaya,25.0,35.6,30.3
2025-10-10,Malang,23.2,31.8,26.7
2025-10-10,Kediri,25.1,33.4,28.4
2025-10-11,Pasuruan,17.8,28.2,22.5
2025-10-11,Malang,23.2,33.0,26.6
2025-10-11,Surabaya,24.8,35.2,30.0
2025-10-11,Kediri,24.6,34.0,29.0
2025-10-11,Sidoarjo,25.0,34.7,29.6
2025-10-12,Surabaya,26.8,36.5,31.7
2025-10-12,Kediri,26.2,33.8,29.5
2025-10-12,Sidoarjo,26.1,34.4,30.4
2025-10-12,Malang,22.8,33.4,27.2
2025-10-12,Pasuruan,19.0,28.8,23.4
2025-10-13,Pasuruan,18.4,29.4,24.8
2025-10-13,Malang,23.4,33.4,26.9
2025-10-13,Sidoarjo,26.5,35.4,31.1
2025-10-13,Surabaya,27.6,36.0,31.8
2025-10-13,Kediri,24.6,35.4,29.5
2025-10-14,Surabaya,27.6,37.0,32.3
2025-10-14,Sidoarjo,26.9,35.1,30.8
2025-10-14,Pasuruan,17.8,29.2,23.3
2025-10-14,Malang,22.4,34.2,26.9
2025-10-14,Kediri,25.6,35.0,30.6
2025-10-15,Kediri,25.4,34.8,30.3
2025-10-15,Sidoarjo,26.9,34.8,30.8
2025-10-15,Malang,23.2,32.8,27.7
2025-10-15,Surabaya,26.8,36.2,31.5
2025-10-15,Pasuruan,17.2,27.6,23.1
2025-10-16,Malang,23.4,33.2,27.7
2025-10-16,Pasuruan,18.4,28.2,23.2
2025-10-16,Kediri,23.4,35.4,29.6
2025-10-16,Surabaya,26.8,36.8,31.8
2025-10-16,Sidoarjo,26.3,34.4,30.3
2025-10-17,Malang,23.0,33.5,27.1
2025-10-17,Sidoarjo,27.1,34.9,31.2
2025-10-17,Pasuruan,18.0,28.8,23.4
2025-10-17,Surabaya,27.0,36.8,31.9
2025-10-17,Kediri,24.5,34.8,30.4
2025-10-18,Malang,23.0,33.6,27.6
2025-10-18,Sidoarjo,27.7,36.4,31.9
2025-10-18,Kediri,24.6,35.6,29.8
2025-10-18,Surabaya,27.7,37.4,32.6
2025-10-18,Pasuruan,18.8,30.2,24.4
2025-10-19,Sidoarjo,27.6,35.5,31.2
2025-10-19,Malang,24.2,32.8,27.4
2025-10-19,Kediri,26.0,35.2,30.5
2025-10-19,Pasuruan,18.2,29.4,24.3
2025-10-19,Surabaya,27.4,36.2,31.8
2025-10-20,Sidoarjo,26.6,34.8,30.4
2025-10-20,Kediri,25.2,35.6,29.3
2025-10-20,Malang,23.6,33.2,25.5
2025-10-20,Pasuruan,18.4,27.8,23.6
2025-10-20,Surabaya,27.3,35.4,31.4
2025-10-21,Malang,23.2,33.7,25.9
2025-10-21,Sidoarjo,27.0,33.1,29.2
2025-10-21,Pasuruan,18.8,24.8,21.8
2025-10-21,Surabaya,27.0,33.5,30.3
2025-10-21,Kediri,25.2,34.0,26.0
2025-10-22,Sidoarjo,25.1,33.7,27.6
2025-10-22,Surabaya,25.2,31.8,28.5
2025-10-22,Kediri,23.4,32.0,24.7
2025-10-22,Pasuruan,18.0,26.0,21.5
2025-10-22,Malang,23.0,30.2,25.0
2025-10-23,Kediri,22.6,33.4,28.2
2025-10-23,Surabaya,24.4,35.2,29.8
2025-10-23,Pasuruan,17.0,28.2,22.2
2025-10-23,Malang,22.8,31.4,25.6
2025-10-23,Sidoarjo,25.0,34.7,29.6
2025-10-24,Pasuruan,17.6,28.2,23.2
2025-10-24,Sidoarjo,26.0,34.0,29.7
2025-10-24,Kediri,23.6,32.8,27.5
2025-10-24,Malang,22.7,31.2,25.0
2025-10-24,Surabaya,25.6,34.2,29.9
2025-10-25,Malang,23.2,31.8,25.8
2025-10-25,Sidoarjo,25.0,34.1,29.4
2025-10-25,Kediri,25.2,32.8,28.2
2025-10-25,Pasuruan,17.6,26.0,21.8
2025-10-25,Surabaya,25.0,34.4,29.7
2025-10-26,Surabaya,25.8,33.3,29.6
2025-10-26,Malang,23.6,31.8,26.5
2025-10-26,Pasuruan,17.6,26.2,22.5
2025-10-26,Kediri,24.2,33.2,28.9
2025-10-26,Sidoarjo,26.5,34.3,29.9
2025-10-27,Sidoarjo,25.9,32.0,29.2
2025-10-27,Surabaya,26.0,32.2,29.1
2025-10-27,Malang,24.0,32.6,25.9
2025-10-27,Kediri,23.0,33.0,27.9
2025-10-27,Pasuruan,18.4,26.8,22.6
2025-10-28,Pasuruan,18.5,26.0,23.2
2025-10-28,Malang,23.0,31.0,25.0
2025-10-28,Kediri,24.2,32.6,26.3
2025-10-28,Sidoarjo,26.4,33.7,28.8
2025-10-28,Surabaya,26.5,32.5,29.5
2025-10-29,Malang,22.7,31.0,25.7
2025-10-29,Pasuruan,18.4,26.4,21.7
2025-10-29,Sidoarjo,26.1,33.8,28.0
2025-10-29,Kediri,23.9,32.2,26.2
2025-10-29,Surabaya,26.4,33.4,29.9
2025-10-30,Pasuruan,18.0,25.0,22.2
2025-10-30,Surabaya,25.2,33.9,29.6
2025-10-30,Malang,22.6,31.4,26.4
2025-10-30,Kediri,23.8,33.9,28.0
2025-10-30,Sidoarjo,25.5,34.0,29.2
2025-10-31,Malang,23.7,32.9,26.9
2025-10-31,Pasuruan,18.2,27.4,22.6
2025-10-31,Sidoarjo,26.7,33.5,29.8
2025-10-31,Surabaya,25.5,34.2,29.9
2025-10-31,Kediri,22.8,33.2,28.0
2025-11-01,Surabaya,25.2,33.7,29.5
2025-11-01,Malang,22.4,32.6,26.4
2025-11-01,Kediri,23.9,33.2,27.8
2025-11-01,Pasuruan,18.0,27.8,23.2
2025-11-01,Sidoarjo,24.7,32.8,29.3
2025-11-02,Sidoarjo,23.5,34.4,29.7
2025-11-02,Malang,22.2,32.0,25.0
2025-11-02,Surabaya,27.1,34.4,30.8
2025-11-02,Pasuruan,18.2,27.8,23.5
2025-11-02,Kediri,25.0,33.6,27.5
2025-11-03,Sidoarjo,25.7,33.3,28.2
2025-11-03,Surabaya,25.5,32.8,29.2
2025-11-03,Pasuruan,17.6,25.0,22.4
2025-11-03,Kediri,23.4,32.6,27.0
2025-11-03,Malang,22.2,31.0,24.2
2025-11-04,Sidoarjo,25.6,32.9,27.4
2025-11-04,Pasuruan,18.0,25.2,21.1
2025-11-04,Kediri,23.4,34.1,27.4
2025-11-04,Surabaya,25.4,33.6,29.5
2025-11-04,Malang,22.0,32.4,26.1
2025-11-05,Malang,22.9,31.4,24.4
2025-11-05,Sidoarjo,25.5,30.8,27.0
2025-11-05,Pasuruan,18.8,23.0,21.3
2025-11-05,Surabaya,25.7,33.1,29.4
2025-11-05,Kediri,24.2,30.8,27.7
2025-11-06,Pasuruan,17.8,26.6,22.2
2025-11-06,Sidoarjo,23.7,32.2,28.1
2025-11-06,Kediri,23.8,30.4,26.5
2025-11-06,Surabaya,24.1,32.6,28.4
2025-11-06,Malang,22.4,31.8,25.9
2025-11-07,Pasuruan,16.8,25.8,22.6
2025-11-07,Sidoarjo,24.9,33.7,29.5
2025-11-07,Malang,23.1,32.2,26.2
2025-11-07,Surabaya,25.2,33.5,29.4
2025-11-07,Kediri,23.0,32.4,27.8
2025-11-08,Pasuruan,18.4,28.0,22.9
2025-11-08,Kediri,24.2,33.6,28.3
2025-11-08,Sidoarjo,25.9,31.2,28.0
2025-11-08,Surabaya,26.8,33.4,30.1
2025-11-08,Malang,23.0,32.2,26.3
2025-11-09,Pasuruan,18.0,26.0,22.1
2025-11-09,Sidoarjo,25.3,32.9,28.6
2025-11-09,Malang,23.2,31.0,26.2
2025-11-09,Surabaya,25.8,32.8,29.3
2025-11-09,Kediri,24.8,32.0,27.5
2025-11-10,Malang,23.8,31.8,26.1
2025-11-10,Sidoarjo,25.9,33.0,27.8
2025-11-10,Surabaya,26.8,34.9,30.9
2025-11-10,Pasuruan,18.2,25.4,22.0
2025-11-10,Kediri,24.4,32.0,26.2
2025-11-11,Pasuruan,18.2,28.2,21.4
2025-11-11,Sidoarjo,24.4,31.7,27.5
2025-11-11,Kediri,23.7,30.8,25.9
2025-11-11,Surabaya,24.9,31.4,28.2
2025-11-11,Malang,23.2,31.2,24.7
2025-11-12,Kediri,23.0,29.4,25.9
2025-11-12,Surabaya,24.2,32.4,28.3
2025-11-12,Malang,23.0,31.6,25.1
2025-11-12,Pasuruan,18.6,22.4,20.9
2025-11-12,Sidoarjo,24.5,32.5,26.5
2025-11-13,Surabaya,24.1,33.0,28.6
2025-11-13,Pasuruan,17.8,24.0,21.1
2025-11-13,Malang,23.0,29.2,24.9
2025-11-13,Kediri,23.0,31.2,26.0
2025-11-13,Sidoarjo,23.6,33.9,27.0
2025-11-14,Sidoarjo,24.2,32.1,28.1
2025-11-14,Malang,22.6,30.8,24.0
2025-11-14,Kediri,22.4,31.2,26.1
2025-11-14,Surabaya,24.7,32.6,28.7
2025-11-14,Pasuruan,17.4,23.6,21.4
2025-11-15,Malang,23.0,28.0,24.2
2025-11-15,Kediri,24.4,29.0,25.5
2025-11-15,Surabaya,25.2,31.7,28.5
2025-11-15,Sidoarjo,23.8,30.7,27.3
2025-11-15,Pasuruan,18.6,23.4,21.8
2025-11-16,Pasuruan,18.2,25.0,21.4
2025-11-16,Surabaya,26.0,33.2,29.6
2025-11-16,Malang,22.4,31.4,26.4
2025-11-16,Kediri,24.6,32.2,27.4
2025-11-16,Sidoarjo,25.8,32.4,28.7
2025-11-17,Pasuruan,18.6,24.8,21.5
2025-11-17,Malang,23.2,32.4,27.0
2025-11-17,Surabaya,25.6,31.6,28.6
2025-11-17,Kediri,23.0,31.0,26.8
2025-11-17,Sidoarjo,24.8,31.9,27.2
2025-11-18,Kediri,22.8,31.8,27.2
2025-11-18,Malang,24.0,32.2,26.4
2025-11-18,Sidoarjo,24.7,32.7,27.8
2025-11-18,Surabaya,25.0,32.6,28.8
2025-11-18,Pasuruan,18.0,25.0,21.2
2025-11-19,Sidoarjo,24.2,32.0,27.2
2025-11-19,Kediri,23.8,33.0,26.9
2025-11-19,Surabaya,24.2,33.2,28.7
2025-11-19,Pasuruan,18.4,24.8,21.2
2025-11-19,Malang,23.1,32.4,25.1
2025-11-20,Sidoarjo,25.3,32.1,28.4
2025-11-20,Surabaya,25.2,33.8,29.5
2025-11-20,Pasuruan,18.8,24.4,21.9
2025-11-20,Kediri,24.0,32.6,27.8
2025-11-20,Malang,23.0,31.8,25.7
2025-11-21,Kediri,24.0,31.8,26.8
2025-11-21,Surabaya,25.6,33.8,29.7
2025-11-21,Sidoarjo,26.1,32.6,28.2
2025-11-21,Pasuruan,18.2,26.6,22.6
2025-11-21,Malang,23.8,32.0,25.3
2025-11-22,Sidoarjo,25.3,31.7,27.6
2025-11-22,Malang,23.0,30.0,25.9
2025-11-22,Surabaya,25.7,33.4,29.6
2025-11-22,Pasuruan,18.8,24.4,21.2
2025-11-22,Kediri,23.9,31.0,27.3
2025-11-23,Kediri,23.9,34.2,28.1
2025-11-23,Sidoarjo,25.0,32.4,27.7
2025-11-23,Surabaya,26.0,32.8,29.4
2025-11-23,Malang,22.9,32.6,26.5
2025-11-23,Pasuruan,19.2,25.6,22.1
2025-11-24,Kediri,24.0,31.2,26.6
2025-11-24,Sidoarjo,24.3,34.3,28.5
2025-11-24,Surabaya,25.0,33.0,29.0
2025-11-24,Malang,23.0,29.9,26.0
2025-11-24,Pasuruan,18.2,25.0,21.3
2025-11-25,Sidoarjo,26.4,33.7,30.2
2025-11-25,Surabaya,26.0,34.5,30.3
2025-11-25,Kediri,22.8,32.8,28.2
2025-11-25,Pasuruan,17.0,26.2,21.7
2025-11-25,Malang,21.9,31.8,26.7
2025-11-26,Surabaya,26.2,34.8,30.5
2025-11-26,Pasuruan,17.8,25.0,21.5
2025-11-26,Malang,23.0,28.4,24.9
2025-11-26,Sidoarjo,27.0,33.6,29.6
2025-11-26,Kediri,23.8,30.8,27.4
2025-11-27,Pasuruan,19.0,24.6,21.8
2025-11-27,Surabaya,25.2,31.4,28.3
2025-11-27,Kediri,24.4,31.8,28.0
2025-11-27,Sidoarjo,26.7,32.0,29.6
2025-11-27,Malang,22.8,29.2,25.5
2025-11-28,Kediri,24.0,32.0,28.1
2025-11-28,Pasuruan,16.8,26.6,22.7
2025-11-28,Surabaya,25.8,33.0,29.4
2025-11-28,Malang,23.2,29.7,25.6
2025-11-28,Sidoarjo,26.3,33.5,29.6
2025-11-29,Surabaya,25.4,33.6,29.5
2025-11-29,Kediri,23.0,31.2,28.2
2025-11-29,Sidoarjo,25.6,33.7,29.2
2025-11-29,Malang,22.8,31.2,26.3
2025-11-29,Pasuruan,17.8,25.6,22.2
2025-11-30,Surabaya,24.5,32.2,28.4
2025-11-30,Sidoarjo,25.3,32.1,29.1
2025-11-30,Malang,21.6,31.4,25.6
2025-11-30,Pasuruan,17.6,24.2,22.0
2025-11-30,Kediri,23.4,33.2,28.3
2025-12-01,Sidoarjo,26.0,34.0,29.8
2025-12-01,Pasuruan,18.2,27.8,23.1
2025-12-01,Surabaya,25.6,33.2,29.4
2025-12-01,Malang,22.8,31.9,27.3
2025-12-01,Kediri,25.8,32.6,29.0
2025-12-02,Kediri,26.4,35.0,28.8
2025-12-02,Malang,22.7,32.2,26.0
2025-12-02,Pasuruan,17.8,28.6,21.8
2025-12-02,Surabaya,25.6,33.8,29.7
2025-12-02,Sidoarjo,25.7,33.8,29.1
2025-12-03,Sidoarjo,26.2,33.2,28.8
2025-12-03,Malang,23.5,32.6,25.9
2025-12-03,Pasuruan,18.2,27.4,21.5
2025-12-03,Surabaya,26.6,33.0,29.8
2025-12-03,Kediri,24.5,32.6,27.7
2025-12-04,Surabaya,27.0,32.0,29.5
2025-12-04,Malang,23.8,31.8,25.7
2025-12-04,Sidoarjo,26.0,33.2,26.8
2025-12-04,Kediri,25.2,32.8,27.0
2025-12-04,Pasuruan,17.6,24.8,21.3
2025-12-05,Malang,23.0,31.0,24.8
2025-12-05,Kediri,22.2,31.4,25.5
2025-12-05,Sidoarjo,23.9,34.1,28.3
2025-12-05,Surabaya,24.0,33.6,28.8
2025-12-05,Pasuruan,17.0,25.4,20.7
2025-12-06,Kediri,23.0,33.2,27.7
2025-12-06,Malang,21.8,31.8,25.2
2025-12-06,Surabaya,24.4,33.2,28.8
2025-12-06,Sidoarjo,24.7,33.4,28.2
2025-12-06,Pasuruan,17.2,25.2,21.4
2025-12-07,Pasuruan,18.0,25.0,21.6
2025-12-07,Kediri,23.4,32.5,27.5
2025-12-07,Sidoarjo,25.4,32.8,28.5
2025-12-07,Malang,21.2,31.5,25.4
2025-12-07,Surabaya,25.8,32.8,29.3
2025-12-08,Surabaya,25.6,33.2,29.4
2025-12-08,Kediri,24.6,31.8,27.1
2025-12-08,Sidoarjo,25.9,33.2,28.1
2025-12-08,Malang,22.8,32.8,26.1
2025-12-08,Pasuruan,18.2,25.2,21.0
2025-12-09,Surabaya,25.7,32.7,29.2
2025-12-09,Malang,23.5,29.2,25.8
2025-12-09,Kediri,24.4,31.6,27.8
2025-12-09,Sidoarjo,24.7,33.0,28.4
2025-12-09,Pasuruan,18.0,25.6,21.8
2025-12-10,Surabaya,25.0,33.7,29.4
2025-12-10,Pasuruan,17.8,26.8,21.6
2025-12-10,Sidoarjo,25.2,34.5,29.2
2025-12-10,Kediri,23.0,34.0,28.9
2025-12-10,Malang,23.0,31.6,26.5
2025-12-11,Pasuruan,18.2,26.0,22.3
2025-12-11,Surabaya,25.5,33.8,29.7
2025-12-11,Kediri,24.2,33.0,27.7
2025-12-11,Malang,23.4,30.8,26.5
2025-12-11,Sidoarjo,25.3,32.8,27.5
2025-12-12,Surabaya,25.0,33.4,29.2
2025-12-12,Pasuruan,17.4,25.6,22.3
2025-12-12,Kediri,23.2,33.2,28.1
2025-12-12,Malang,22.5,32.3,26.5
2025-12-12,Sidoarjo,24.1,32.7,28.7
2025-12-13,Pasuruan,18.0,26.0,21.9
2025-12-13,Kediri,22.8,31.6,27.9
2025-12-13,Malang,22.5,32.0,26.4
2025-12-13,Sidoarjo,26.0,33.3,29.4
2025-12-13,Surabaya,26.2,33.4,29.8
2025-12-14,Pasuruan,19.2,23.6,22.0
2025-12-14,Sidoarjo,26.2,32.7,28.0
2025-12-14,Surabaya,26.2,33.0,29.6
2025-12-14,Malang,23.5,29.9,25.5
2025-12-14,Kediri,24.6,31.4,27.5
2025-12-15,Malang,22.9,31.0,26.4
2025-12-15,Surabaya,25.8,34.4,30.1
2025-12-15,Pasuruan,17.8,24.6,20.5
2025-12-15,Kediri,24.0,32.8,28.2
2025-12-15,Sidoarjo,24.7,33.9,28.3
2025-12-16,Kediri,24.0,33.8,28.8
2025-12-16,Malang,22.8,32.0,26.3
2025-12-16,Sidoarjo,26.0,33.5,29.3
2025-12-16,Pasuruan,16.8,25.0,21.8
2025-12-16,Surabaya,25.6,33.0,29.3
2025-12-17,Malang,22.4,31.9,27.1
2025-12-17,Kediri,22.3,34.0,28.6
2025-12-17,Surabaya,25.0,34.6,29.8
2025-12-17,Sidoarjo,25.2,34.4,29.9
2025-12-17,Pasuruan,16.0,26.8,22.8
2025-12-18,Pasuruan,17.8,24.0,21.3
2025-12-18,Malang,23.0,32.6,26.7
2025-12-18,Sidoarjo,27.3,30.9,28.0
2025-12-18,Surabaya,26.8,31.2,29.0
2025-12-18,Kediri,24.4,32.4,26.6
2025-12-19,Sidoarjo,25.2,30.5,27.8
2025-12-19,Surabaya,25.6,29.6,27.6
2025-12-19,Kediri,22.8,31.0,26.8
2025-12-19,Pasuruan,17.2,25.4,21.3
2025-12-19,Malang,22.2,31.6,25.7
2025-12-20,Kediri,23.8,32.2,27.1
2025-12-20,Sidoarjo,26.2,33.0,28.2
2025-12-20,Pasuruan,17.4,25.2,20.5
2025-12-20,Malang,22.6,31.9,25.6
2025-12-20,Surabaya,26.0,32.6,29.3
2025-12-21,Malang,22.5,30.8,24.6
2025-12-21,Pasuruan,17.6,25.2,21.4
2025-12-21,Sidoarjo,24.9,33.8,27.9
2025-12-21,Surabaya,25.0,33.3,29.2
2025-12-21,Kediri,22.6,31.9,26.0
2025-12-22,Kediri,23.6,32.0,27.0
2025-12-22,Malang,22.8,32.0,26.8
2025-12-22,Pasuruan,18.6,27.4,20.9
2025-12-22,Sidoarjo,24.9,32.6,27.9
2025-12-22,Surabaya,24.4,33.8,29.1
2025-12-23,Pasuruan,18.0,25.6,22.2
2025-12-23,Sidoarjo,25.8,33.9,28.4
2025-12-23,Surabaya,24.8,33.4,29.1
2025-12-23,Malang,22.6,32.4,27.5
2025-12-23,Kediri,24.8,32.0,27.0
2025-12-24,Malang,24.0,32.0,28.1
2025-12-24,Kediri,24.0,32.6,27.4
2025-12-24,Surabaya,24.3,33.4,28.9
2025-12-24,Sidoarjo,25.6,32.9,28.1
2025-12-24,Pasuruan,17.6,26.4,21.3
2025-12-25,Sidoarjo,25.5,33.3,28.8
2025-12-25,Kediri,24.0,33.6,27.1
2025-12-25,Malang,24.2,32.2,27.4
2025-12-25,Pasuruan,17.2,26.2,21.8
2025-12-25,Surabaya,25.3,34.0,29.7
2025-12-26,Surabaya,24.8,33.8,29.3
2025-12-26,Sidoarjo,24.9,33.5,28.6
2025-12-26,Kediri,25.0,33.2,28.5
2025-12-26,Malang,23.8,30.4,26.5
2025-12-26,Pasuruan,18.0,25.9,22.0
2025-12-27,Sidoarjo,25.2,33.9,28.7
2025-12-27,Surabaya,25.5,33.8,29.7
2025-12-27,Malang,23.4,31.2,26.5
2025-12-27,Kediri,24.3,33.1,28.4
2025-12-27,Pasuruan,18.8,26.6,23.2
2025-12-28,Pasuruan,18.0,26.0,22.7
2025-12-28,Kediri,24.0,33.4,29.1
2025-12-28,Malang,23.9,32.4,27.7
2025-12-28,Sidoarjo,24.3,33.0,28.3
2025-12-28,Surabaya,24.4,33.0,28.7
2025-12-29,Malang,24.0,32.0,27.0
2025-12-29,Surabaya,25.0,33.7,29.4
2025-12-29,Pasuruan,17.8,26.2,22.1
2025-12-29,Kediri,24.4,33.0,28.7
2025-12-29,Sidoarjo,25.9,33.4,29.9
2025-12-30,Surabaya,24.8,32.2,28.5
2025-12-30,Sidoarjo,26.2,32.6,28.9
2025-12-30,Malang,22.8,32.0,26.4
2025-12-30,Pasuruan,18.0,26.0,21.9
2025-12-30,Kediri,25.0,32.4,29.1
2025-12-31,Sidoarjo,25.9,32.4,28.6
2025-12-31,Malang,23.8,31.2,25.8
2025-12-31,Kediri,24.6,31.4,27.7
2025-12-31,Surabaya,26.0,33.0,29.5
2025-12-31,Pasuruan,18.2,26.8,22.2
2026-01-01,Surabaya,24.8,33.0,28.9
2026-01-01,Sidoarjo,25.5,33.0,28.4
2026-01-01,Pasuruan,18.0,26.4,22.1
2026-01-01,Kediri,22.6,33.2,27.4
2026-01-01,Malang,22.4,32.4,25.4
2026-01-02,Surabaya,24.8,33.9,29.4
2026-01-02,Sidoarjo,25.2,33.1,28.2
2026-01-02,Pasuruan,19.0,24.8,21.5
2026-01-02,Kediri,23.8,31.6,27.3
2026-01-02,Malang,22.5,31.6,25.7
2026-01-03,Malang,22.2,33.0,25.4
2026-01-03,Sidoarjo,25.0,33.4,27.3
2026-01-03,Pasuruan,18.0,24.6,21.5
2026-01-03,Kediri,24.0,30.8,26.7
2026-01-03,Surabaya,25.0,32.6,28.8
2026-01-04,Surabaya,24.6,32.5,28.6
2026-01-04,Sidoarjo,24.7,33.0,26.8
2026-01-04,Pasuruan,17.2,24.8,21.0
2026-01-04,Malang,22.2,32.6,26.4
2026-01-04,Kediri,23.0,31.0,25.9
2026-01-05,Pasuruan,17.6,25.4,22.2
2026-01-05,Malang,22.8,31.0,26.4
2026-01-05,Kediri,23.4,32.2,27.9
2026-01-05,Surabaya,23.5,32.4,28.0
2026-01-05,Sidoarjo,23.7,31.6,27.1
2026-01-06,Kediri,24.6,33.8,28.9
2026-01-06,Surabaya,25.0,35.0,30.0
2026-01-06,Pasuruan,18.6,26.2,22.3
2026-01-06,Malang,23.7,33.2,27.5
2026-01-06,Sidoarjo,25.4,34.9,29.8
2026-01-07,Kediri,23.2,32.6,27.8
2026-01-07,Surabaya,25.2,33.0,29.1
2026-01-07,Malang,22.2,31.0,26.1
2026-01-07,Pasuruan,16.6,25.4,21.9
2026-01-07,Sidoarjo,25.6,33.6,29.4
2026-01-08,Sidoarjo,25.9,32.9,28.3
2026-01-08,Malang,23.2,30.5,25.9
2026-01-08,Surabaya,25.2,32.8,29.0
2026-01-08,Pasuruan,17.2,25.4,20.7
2026-01-08,Kediri,23.0,32.4,26.3
2026-01-09,Surabaya,24.1,31.8,28.0
2026-01-09,Kediri,23.8,31.2,26.1
2026-01-09,Pasuruan,16.8,25.0,20.1
2026-01-09,Sidoarjo,24.6,31.5,26.9
2026-01-09,Malang,23.4,31.2,26.2
2026-01-10,Kediri,23.6,30.6,25.3
2026-01-10,Sidoarjo,24.0,31.3,26.4
2026-01-10,Malang,23.0,31.4,25.6
2026-01-10,Surabaya,24.8,30.7,27.8
2026-01-10,Pasuruan,17.6,25.4,21.5
2026-01-11,Sidoarjo,24.5,31.2,27.4
2026-01-11,Surabaya,24.6,30.4,27.5
2026-01-11,Pasuruan,17.4,23.6,21.0
2026-01-11,Malang,22.8,29.5,24.4
2026-01-11,Kediri,22.7,30.2,25.9
2026-01-12,Kediri,23.4,32.0,27.3
2026-01-12,Surabaya,24.6,30.2,27.4
2026-01-12,Sidoarjo,24.7,30.7,26.4
2026-01-12,Pasuruan,17.2,26.0,21.7
2026-01-12,Malang,22.3,31.6,25.6
2026-01-13,Sidoarjo,25.0,33.4,27.5
2026-01-13,Malang,22.5,32.0,25.9
2026-01-13,Pasuruan,17.4,26.4,21.9
2026-01-13,Surabaya,24.0,30.5,27.3
2026-01-13,Kediri,23.0,32.4,27.0
2026-01-14,Sidoarjo,24.7,30.6,26.7
2026-01-14,Kediri,24.0,30.2,26.2
2026-01-14,Malang,22.8,31.0,25.4
2026-01-14,Surabaya,24.3,30.8,27.6
2026-01-14,Pasuruan,17.6,24.8,21.6
2026-01-15,Sidoarjo,24.7,30.3,25.8
2026-01-15,Kediri,24.0,29.0,26.0
2026-01-15,Pasuruan,17.6,24.4,20.7
2026-01-15,Malang,22.6,29.0,25.0
2026-01-15,Surabaya,25.0,30.1,27.6
2026-01-16,Surabaya,24.3,32.0,28.2
2026-01-16,Kediri,22.0,32.0,26.9
2026-01-16,Pasuruan,16.4,27.6,22.1
2026-01-16,Sidoarjo,24.1,32.5,28.1
2026-01-16,Malang,21.9,31.6,24.4
2026-01-17,Surabaya,25.6,32.2,28.9
2026-01-17,Kediri,23.8,32.2,26.7
2026-01-17,Sidoarjo,25.6,32.6,28.3
2026-01-17,Malang,22.6,32.0,25.5
2026-01-17,Pasuruan,16.8,25.6,22.3
2026-01-18,Kediri,24.0,29.5,26.3
2026-01-18,Sidoarjo,25.6,31.0,27.5
2026-01-18,Malang,22.5,31.0,25.4
2026-01-18,Surabaya,25.6,30.6,28.1
2026-01-18,Pasuruan,17.8,25.0,21.5
2026-01-19,Sidoarjo,25.0,33.7,27.8
2026-01-19,Surabaya,25.0,34.1,29.6
2026-01-19,Pasuruan,17.8,25.8,21.8
2026-01-19,Kediri,23.0,31.2,26.2
2026-01-19,Malang,22.6,31.8,26.3
2026-01-20,Malang,22.5,33.0,26.6
2026-01-20,Surabaya,24.6,32.6,28.6
2026-01-20,Kediri,24.0,30.8,26.8
2026-01-20,Sidoarjo,24.9,32.5,27.8
2026-01-20,Pasuruan,17.6,26.4,22.1
2026-01-21,Kediri,24.0,32.0,27.1
2026-01-21,Sidoarjo,25.6,32.5,28.1
2026-01-21,Pasuruan,17.8,25.2,22.4
2026-01-21,Surabaya,25.1,32.0,28.6
2026-01-21,Malang,22.8,33.4,25.4
2026-01-22,Surabaya,25.2,30.0,27.6
2026-01-22,Malang,22.5,31.2,25.7
2026-01-22,Sidoarjo,25.1,30.5,27.0
2026-01-22,Kediri,23.8,30.2,26.1
2026-01-22,Pasuruan,17.6,25.2,21.6
2026-01-23,Kediri,24.1,29.8,25.7
2026-01-23,Pasuruan,18.8,23.0,20.8
2026-01-23,Surabaya,24.4,30.4,27.4
2026-01-23,Sidoarjo,24.9,30.1,26.3
2026-01-23,Malang,23.0,30.6,26.2
2026-01-24,Malang,24.8,33.0,28.1
2026-01-24,Pasuruan,17.6,27.4,22.7
2026-01-24,Surabaya,25.3,32.5,28.9
2026-01-24,Kediri,23.8,31.8,26.9
2026-01-24,Sidoarjo,25.3,32.6,29.0
2026-01-25,Pasuruan,17.0,27.8,21.8
2026-01-25,Malang,22.8,33.7,25.7
2026-01-25,Surabaya,25.2,32.8,29.0
2026-01-25,Kediri,24.0,31.0,27.6
2026-01-25,Sidoarjo,26.1,33.0,29.2
2026-01-26,Kediri,24.6,31.4,28.1
2026-01-26,Sidoarjo,26.0,32.4,28.6
2026-01-26,Malang,23.0,31.6,26.5
2026-01-26,Pasuruan,18.0,25.4,22.2
2026-01-26,Surabaya,25.4,32.5,29.0
2026-01-27,Kediri,23.7,30.2,26.0
2026-01-27,Sidoarjo,25.9,27.6,26.1
2026-01-27,Pasuruan,17.2,24.0,21.1
2026-01-27,Surabaya,25.8,30.1,28.0
2026-01-27,Malang,22.8,32.4,26.1
2026-01-28,Pasuruan,17.4,25.8,22.1
2026-01-28,Kediri,23.8,31.6,26.1
2026-01-28,Malang,22.7,33.0,26.3
2026-01-28,Surabaya,23.3,32.0,27.7
2026-01-28,Sidoarjo,24.6,32.5,28.4
2026-01-29,Sidoarjo,24.9,33.0,28.6
2026-01-29,Malang,23.0,34.0,26.5
2026-01-29,Pasuruan,17.2,27.2,21.8
2026-01-29,Surabaya,24.8,33.0,28.9
2026-01-29,Kediri,24.0,32.4,27.4
2026-01-30,Kediri,24.0,33.0,27.3
2026-01-30,Malang,22.8,33.2,25.6
2026-01-30,Pasuruan,17.4,26.0,22.0
2026-01-30,Surabaya,25.2,33.2,29.2
2026-01-30,Sidoarjo,25.8,34.3,29.3
2026-01-31,Sidoarjo,24.1,33.4,28.4
2026-01-31,Surabaya,25.6,33.2,29.4
2026-01-31,Kediri,23.0,33.2,27.0
2026-01-31,Pasuruan,17.8,26.8,22.5
2026-01-31,Malang,22.4,32.9,25.8
2026-02-01,Surabaya,25.8,33.8,29.8
2026-02-01,Pasuruan,18.8,23.6,21.3
2026-02-01,Malang,21.0,30.5,25.2
2026-02-01,Sidoarjo,25.4,33.3,28.1
2026-02-01,Kediri,24.4,30.0,25.8
2026-02-02,Surabaya,25.0,33.4,29.2
2026-02-02,Sidoarjo,25.0,34.2,27.8
2026-02-02,Malang,22.7,32.0,26.1
2026-02-02,Kediri,22.4,31.6,26.1
2026-02-02,Pasuruan,16.8,25.4,21.1
2026-02-03,Sidoarjo,24.1,33.4,27.2
2026-02-03,Malang,22.8,32.0,26.4
2026-02-03,Surabaya,24.2,33.6,28.9
2026-02-03,Kediri,22.9,31.6,26.8
2026-02-03,Pasuruan,17.2,24.6,20.8
2026-02-04,Malang,22.6,31.6,26.3
2026-02-04,Kediri,23.6,31.6,26.3
2026-02-04,Surabaya,23.6,32.6,28.1
2026-02-04,Sidoarjo,24.5,33.6,27.0
2026-02-04,Pasuruan,17.0,25.2,20.9
2026-02-05,Sidoarjo,23.9,32.1,28.1
2026-02-05,Surabaya,23.9,31.6,27.8
2026-02-05,Kediri,23.6,31.2,26.1
2026-02-05,Pasuruan,17.4,25.8,21.1
2026-02-05,Malang,22.8,32.2,25.9
2026-02-06,Sidoarjo,25.1,33.3,27.8
2026-02-06,Kediri,23.4,32.8,27.3
2026-02-06,Pasuruan,18.4,24.9,21.2
2026-02-06,Malang,23.2,32.8,26.1
2026-02-06,Surabaya,25.4,32.6,29.0
2026-02-07,Surabaya,26.1,31.4,28.8
2026-02-07,Kediri,24.2,32.0,26.7
2026-02-07,Pasuruan,18.6,25.4,22.1
2026-02-07,Malang,23.0,32.2,25.7
2026-02-07,Sidoarjo,25.8,31.2,27.8
2026-02-08,Kediri,23.8,32.2,26.5
2026-02-08,Surabaya,25.6,31.6,28.6
2026-02-08,Pasuruan,17.8,26.6,21.8
2026-02-08,Malang,23.4,32.5,26.1
2026-02-08,Sidoarjo,25.7,31.7,27.3
2026-02-09,Surabaya,25.4,29.4,27.4
2026-02-09,Malang,23.5,31.8,25.6
2026-02-09,Pasuruan,17.4,26.2,20.8
2026-02-09,Sidoarjo,23.9,29.7,27.2
2026-02-09,Kediri,23.6,30.4,26.2
2026-02-10,Surabaya,24.5,32.2,28.4
2026-02-10,Sidoarjo,25.0,32.3,27.3
2026-02-10,Kediri,23.8,30.4,26.1
2026-02-10,Pasuruan,17.6,25.0,21.1
2026-02-10,Malang,23.5,30.2,26.0
2026-02-11,Sidoarjo,24.7,32.4,26.8
2026-02-11,Surabaya,23.8,31.6,27.7
2026-02-11,Pasuruan,18.0,25.0,21.0
2026-02-11,Malang,22.8,31.5,26.3
2026-02-11,Kediri,23.8,30.9,25.3
2026-02-12,Kediri,23.6,31.3,25.1
2026-02-12,Sidoarjo,24.4,33.1,27.6
2026-02-12,Surabaya,25.1,32.6,28.9
2026-02-12,Malang,23.0,31.6,25.5
2026-02-12,Pasuruan,18.4,24.2,21.0
2026-02-13,Sidoarjo,24.2,31.0,27.0
2026-02-13,Malang,22.5,29.6,24.4
2026-02-13,Kediri,23.4,31.0,26.0
2026-02-13,Surabaya,24.8,30.7,27.8
2026-02-13,Pasuruan,17.8,23.8,21.2
2026-02-14,Surabaya,25.4,32.8,29.1
2026-02-14,Sidoarjo,25.5,33.2,27.5
2026-02-14,Malang,22.4,30.6,25.4
2026-02-14,Pasuruan,17.2,25.4,21.2
2026-02-14,Kediri,23.6,31.6,26.2
2026-02-15,Surabaya,24.4,32.6,28.5
2026-02-15,Sidoarjo,24.5,32.7,28.2
2026-02-15,Pasuruan,18.0,26.4,22.0
2026-02-15,Kediri,23.8,32.2,26.3
2026-02-15,Malang,22.4,33.6,26.7
2026-02-16,Surabaya,23.3,32.4,27.9
2026-02-16,Malang,23.4,32.4,26.7
2026-02-16,Kediri,23.7,31.8,26.7
2026-02-16,Sidoarjo,25.1,31.8,28.1
2026-02-16,Pasuruan,17.8,25.4,22.2
2026-02-17,Surabaya,25.0,31.8,28.4
2026-02-17,Kediri,24.0,31.5,26.6
2026-02-17,Pasuruan,18.8,28.0,22.9
2026-02-17,Sidoarjo,24.2,32.9,28.4
2026-02-17,Malang,23.2,32.4,26.9
2026-02-18,Pasuruan,18.2,28.4,22.9
2026-02-18,Surabaya,25.7,31.3,28.5
2026-02-18,Malang,23.6,33.1,26.5
2026-02-18,Sidoarjo,25.7,31.7,27.1
2026-02-18,Kediri,24.6,31.6,26.9
2026-02-19,Surabaya,24.6,31.6,28.1
2026-02-19,Pasuruan,17.6,25.4,21.5
2026-02-19,Sidoarjo,24.9,31.6,27.7
2026-02-19,Malang,22.6,33.2,26.7
2026-02-19,Kediri,23.6,32.4,26.1
2026-02-20,Surabaya,25.1,32.7,28.9
2026-02-20,Sidoarjo,24.6,33.1,28.3
2026-02-20,Pasuruan,18.8,27.6,22.8
2026-02-20,Malang,22.8,33.4,26.7
2026-02-20,Kediri,23.0,32.4,27.9
2026-02-21,Sidoarjo,25.2,32.6,28.2
2026-02-21,Kediri,23.9,30.6,26.3
2026-02-21,Pasuruan,18.2,25.6,22.1
2026-02-21,Malang,23.4,29.8,26.0
2026-02-21,Surabaya,25.6,33.0,29.3
2026-02-22,Malang,23.2,30.9,25.6
2026-02-22,Pasuruan,18.4,24.4,21.0
2026-02-22,Kediri,24.2,28.9,25.4
2026-02-22,Surabaya,25.2,32.4,28.8
2026-02-22,Sidoarjo,25.4,31.4,27.3
2026-02-23,Kediri,23.6,29.4,25.9
2026-02-23,Surabaya,24.3,32.6,28.5
2026-02-23,Sidoarjo,24.5,32.1,27.2
2026-02-23,Pasuruan,18.6,25.2,21.0
2026-02-23,Malang,23.0,30.2,24.9
2026-02-24,Pasuruan,18.0,25.2,21.6
2026-02-24,Surabaya,24.4,31.0,27.7
2026-02-24,Malang,23.1,26.8,24.0
2026-02-24,Sidoarjo,25.0,30.9,27.3
2026-02-24,Kediri,23.8,29.6,25.8
2026-02-25,Kediri,23.6,30.2,26.6
2026-02-25,Surabaya,25.2,31.4,28.3
2026-02-25,Sidoarjo,25.4,33.0,28.6
2026-02-25,Pasuruan,18.2,25.6,21.8
2026-02-25,Malang,17.0,30.0,25.6
2026-02-26,Pasuruan,18.2,25.6,22.0
2026-02-26,Surabaya,24.8,31.4,28.1
2026-02-26,Kediri,23.2,32.6,26.4
2026-02-26,Malang,21.4,29.4,25.0
2026-02-26,Sidoarjo,24.9,32.8,27.4
2026-02-27,Surabaya,25.4,33.2,29.3
2026-02-27,Malang,22.2,30.0,24.8
2026-02-27,Kediri,23.4,32.2,27.3
2026-02-27,Pasuruan,17.6,23.6,21.3
2026-02-27,Sidoarjo,24.3,33.9,27.3
2026-02-28,Malang,22.0,31.6,26.3
2026-02-28,Pasuruan,17.2,24.6,22.0
2026-02-28,Sidoarjo,23.9,33.5,27.6
2026-02-28,Kediri,23.8,32.4,26.4
2026-02-28,Surabaya,23.6,32.7,28.2
2026-03-01,Pasuruan,17.2,25.6,21.5
2026-03-01,Kediri,23.8,32.2,27.3
2026-03-01,Malang,22.2,32.0,25.7
2026-03-01,Sidoarjo,24.1,33.3,28.1
2026-03-01,Surabaya,24.8,33.8,29.3
2026-03-02,Surabaya,25.0,33.0,29.0
2026-03-02,Kediri,24.2,31.0,24.9
2026-03-02,Pasuruan,18.4,25.8,22.0
2026-03-02,Malang,23.5,31.4,26.2
2026-03-02,Sidoarjo,24.5,33.0,27.5
2026-03-03,Kediri,23.6,32.0,26.5
2026-03-03,Malang,23.0,32.2,26.4
2026-03-03,Surabaya,24.0,32.0,28.0
2026-03-03,Pasuruan,17.6,27.3,22.0
2026-03-03,Sidoarjo,23.7,31.7,26.3
2026-03-04,Sidoarjo,24.6,32.6,27.6
2026-03-04,Malang,22.6,33.0,25.9
2026-03-04,Kediri,23.4,32.4,26.0
2026-03-04,Surabaya,24.6,32.2,28.4
2026-03-04,Pasuruan,18.4,28.2,22.3
2026-03-05,Malang,22.2,30.8,25.9
2026-03-05,Sidoarjo,23.9,32.1,26.7
2026-03-05,Surabaya,24.8,33.1,29.0
2026-03-05,Kediri,23.2,32.5,26.3
2026-03-05,Pasuruan,17.6,27.6,22.5
2026-03-06,Pasuruan,16.6,29.8,22.1
2026-03-06,Surabaya,25.8,32.4,29.1
2026-03-06,Sidoarjo,25.0,31.8,28.2
2026-03-06,Kediri,21.8,33.3,27.0
2026-03-06,Malang,22.0,33.0,25.8
2026-03-07,Pasuruan,16.0,27.8,22.0
2026-03-07,Malang,22.0,33.2,26.0
2026-03-07,Sidoarjo,24.6,32.4,28.4
2026-03-07,Kediri,22.2,33.8,25.5
2026-03-07,Surabaya,25.2,33.1,29.2
2026-03-08,Surabaya,24.5,32.8,28.7
2026-03-08,Sidoarjo,23.6,32.2,26.3
2026-03-08,Malang,21.7,32.0,25.5
2026-03-08,Kediri,22.8,31.4,26.4
2026-03-08,Pasuruan,17.8,27.0,22.5
2026-03-09,Kediri,22.4,32.4,26.4
2026-03-09,Sidoarjo,23.6,32.1,27.5
2026-03-09,Surabaya,24.7,33.8,29.3
2026-03-09,Pasuruan,16.6,25.6,21.3
2026-03-09,Malang,22.5,32.5,25.7
2026-03-10,Surabaya,24.0,34.3,29.2
2026-03-10,Pasuruan,16.8,26.0,21.7
2026-03-10,Malang,22.5,31.7,26.1
2026-03-10,Sidoarjo,24.1,33.4,28.0
2026-03-10,Kediri,23.2,33.0,26.7
2026-03-11,Sidoarjo,24.2,32.9,29.0
2026-03-11,Surabaya,24.2,33.8,29.0
2026-03-11,Malang,23.0,30.6,25.6
2026-03-11,Kediri,22.8,33.0,27.2
2026-03-11,Pasuruan,17.0,26.4,21.2
2026-03-12,Sidoarjo,24.6,33.7,27.5
2026-03-12,Malang,22.8,31.2,26.3
2026-03-12,Pasuruan,17.0,26.6,22.3
2026-03-12,Kediri,22.2,32.6,27.3
2026-03-12,Surabaya,25.6,34.4,30.0
2026-03-13,Sidoarjo,24.0,33.4,27.4
2026-03-13,Kediri,22.0,33.6,28.1
2026-03-13,Pasuruan,16.2,28.2,22.0
2026-03-13,Surabaya,25.8,34.6,30.2
2026-03-13,Malang,22.9,31.8,26.5
2026-03-14,Malang,22.2,33.1,26.5
2026-03-14,Sidoarjo,24.9,33.5,27.7
2026-03-14,Surabaya,24.8,33.5,29.2
2026-03-14,Kediri,22.9,33.2,27.6
2026-03-14,Pasuruan,17.0,24.8,21.1
2026-03-15,Surabaya,25.5,33.6,29.6
2026-03-15,Kediri,23.8,30.8,25.0
2026-03-15,Malang,22.1,32.4,25.9
2026-03-15,Sidoarjo,24.6,32.9,26.9
2026-03-15,Pasuruan,16.8,24.8,20.6
2026-03-16,Malang,22.4,33.0,26.6
2026-03-16,Sidoarjo,22.8,32.0,26.5
2026-03-16,Pasuruan,16.4,26.0,21.2
2026-03-16,Kediri,22.2,32.5,26.5
2026-03-16,Surabaya,23.7,33.2,28.5
2026-03-17,Malang,22.5,30.6,26.0
2026-03-17,Pasuruan,17.4,25.2,21.2
2026-03-17,Kediri,22.6,32.2,26.2
2026-03-17,Surabaya,24.6,33.3,29.0
2026-03-17,Sidoarjo,23.8,32.4,26.9
2026-03-18,Kediri,23.2,32.4,27.3
2026-03-18,Malang,22.4,29.4,25.1
2026-03-18,Sidoarjo,24.8,32.7,28.0
2026-03-18,Surabaya,23.6,34.2,28.9
2026-03-18,Pasuruan,16.2,25.8,21.6
2026-03-19,Malang,22.0,31.8,25.9
2026-03-19,Kediri,22.8,33.0,27.6
2026-03-19,Surabaya,25.3,32.0,28.7
2026-03-19,Pasuruan,17.4,26.0,21.4
2026-03-19,Sidoarjo,25.1,32.5,28.4
2026-03-20,Surabaya,25.4,32.2,28.8
2026-03-20,Kediri,23.2,32.0,26.8
2026-03-20,Malang,23.0,31.0,26.1
2026-03-20,Sidoarjo,25.4,32.4,27.9
2026-03-20,Pasuruan,17.4,27.0,20.7
2026-03-21,Kediri,23.6,33.2,27.5
2026-03-21,Malang,22.2,32.4,26.3
2026-03-21,Sidoarjo,25.3,32.4,27.7
2026-03-21,Pasuruan,17.0,25.4,21.9
2026-03-21,Surabaya,25.2,33.2,29.2
2026-03-22,Kediri,24.2,31.6,26.6
2026-03-22,Pasuruan,18.6,24.4,21.3
2026-03-22,Malang,22.9,32.4,25.8
2026-03-22,Sidoarjo,24.6,31.7,26.6
2026-03-22,Surabaya,24.2,32.9,28.6
2026-03-23,Malang,22.2,32.6,26.3
2026-03-23,Pasuruan,17.6,26.2,21.7
2026-03-23,Surabaya,25.0,34.3,29.7
2026-03-23,Sidoarjo,24.7,32.6,28.3
2026-03-23,Kediri,23.4,32.4,27.5
2026-03-24,Sidoarjo,25.5,32.7,28.4
2026-03-24,Malang,23.0,31.7,26.5
2026-03-24,Kediri,24.0,31.6,26.8
2026-03-24,Surabaya,25.7,32.5,29.1
2026-03-24,Pasuruan,17.8,25.6,22.0
2026-03-25,Pasuruan,18.6,27.0,22.6
2026-03-25,Kediri,23.8,31.6,25.4
2026-03-25,Malang,23.2,32.4,26.4
2026-03-25,Surabaya,25.0,33.0,29.0
2026-03-25,Sidoarjo,24.4,33.5,28.9
2026-03-26,Malang,23.4,33.4,26.7
2026-03-26,Surabaya,25.2,32.2,28.7
2026-03-26,Kediri,23.6,31.4,25.8
2026-03-26,Sidoarjo,25.1,33.4,28.3
2026-03-26,Pasuruan,18.0,25.8,21.8
2026-03-27,Surabaya,24.8,32.6,28.7
2026-03-27,Sidoarjo,25.3,32.3,28.6
2026-03-27,Pasuruan,18.5,27.8,22.9
2026-03-27,Malang,23.4,32.2,26.6
2026-03-27,Kediri,23.6,33.8,27.7
2026-03-28,Pasuruan,18.2,24.4,22.0
2026-03-28,Malang,24.0,32.4,25.9
2026-03-28,Sidoarjo,25.9,32.4,28.2
2026-03-28,Kediri,24.6,33.0,26.9
2026-03-28,Surabaya,25.6,32.6,29.1
2026-03-29,Sidoarjo,24.7,33.6,29.1
2026-03-29,Malang,22.8,33.2,26.4
2026-03-29,Pasuruan,17.0,26.4,22.4
2026-03-29,Kediri,23.2,33.8,28.0
2026-03-29,Surabaya,24.4,34.5,29.5
2026-03-30,Sidoarjo,25.3,33.0,28.4
2026-03-30,Malang,23.1,32.4,26.7
2026-03-30,Kediri,23.8,33.0,27.2
2026-03-30,Surabaya,25.8,33.8,29.8
2026-03-30,Pasuruan,17.6,25.8,21.7
2026-03-31,Surabaya,25.6,32.9,29.3
2026-03-31,Pasuruan,17.2,25.8,21.6
2026-03-31,Kediri,24.4,31.8,26.5
2026-03-31,Malang,22.5,33.4,26.0
2026-03-31,Sidoarjo,25.3,31.7,28.3
2026-04-01,Kediri,23.4,33.8,27.5
2026-04-01,Pasuruan,18.0,27.6,22.7
2026-04-01,Surabaya,25.7,34.2,30.0
2026-04-01,Malang,23.2,33.2,26.3
2026-04-01,Sidoarjo,25.0,32.8,28.8
2026-04-02,Sidoarjo,25.4,33.0,28.8
2026-04-02,Pasuruan,19.2,26.6,22.6
2026-04-02,Malang,23.6,32.6,25.8
2026-04-02,Kediri,24.4,33.2,27.2
2026-04-02,Surabaya,26.8,34.8,30.8
2026-04-03,Sidoarjo,25.2,32.0,28.3
2026-04-03,Malang,23.2,32.8,25.9
2026-04-03,Kediri,23.0,32.8,27.0
2026-04-03,Pasuruan,18.2,26.0,22.0
2026-04-03,Surabaya,25.4,33.8,29.6
2026-04-04,Sidoarjo,26.2,32.7,29.6
2026-04-04,Pasuruan,17.6,27.0,22.0
2026-04-04,Surabaya,26.2,34.0,30.1
2026-04-04,Kediri,23.4,33.0,27.3
2026-04-04,Malang,22.6,32.2,26.2
2026-04-05,Pasuruan,17.2,28.0,23.4
2026-04-05,Sidoarjo,25.4,33.2,29.1
2026-04-05,Kediri,23.6,33.8,27.9
2026-04-05,Malang,22.5,32.2,25.9
2026-04-05,Surabaya,25.5,34.2,29.9
2026-04-06,Sidoarjo,26.1,33.7,29.3
2026-04-06,Pasuruan,17.8,27.4,22.6
2026-04-06,Surabaya,25.8,34.2,30.0
2026-04-06,Malang,23.2,32.8,26.7
2026-04-06,Kediri,23.8,33.8,27.8
2026-04-07,Pasuruan,18.0,25.8,21.8
2026-04-07,Malang,23.8,33.0,26.0
2026-04-07,Surabaya,25.9,32.8,29.4
2026-04-07,Kediri,23.6,33.0,27.1
2026-04-07,Sidoarjo,25.7,33.5,28.9
2026-04-08,Sidoarjo,25.6,31.9,27.6
2026-04-08,Malang,22.8,32.9,24.8
2026-04-08,Surabaya,26.8,33.6,30.2
2026-04-08,Kediri,23.5,33.0,28.1
2026-04-08,Pasuruan,19.8,25.2,22.2
2026-04-09,Malang,22.2,32.5,25.2
2026-04-09,Surabaya,26.8,33.0,29.9
2026-04-09,Sidoarjo,25.9,32.7,28.7
2026-04-09,Kediri,24.6,32.8,27.4
2026-04-09,Pasuruan,18.0,25.8,21.1
2026-04-10,Kediri,24.0,31.8,26.6
2026-04-10,Pasuruan,17.8,27.0,22.3
2026-04-10,Malang,22.8,32.7,25.9
2026-04-10,Sidoarjo,25.8,32.5,28.2
2026-04-10,Surabaya,25.8,33.6,29.7
2026-04-11,Pasuruan,17.8,27.0,22.2
2026-04-11,Malang,22.7,33.4,26.5
2026-04-11,Kediri,23.6,33.2,27.2
2026-04-11,Surabaya,25.4,35.0,30.2
2026-04-11,Sidoarjo,25.5,33.3,28.9
2026-04-12,Surabaya,25.6,34.4,30.0
2026-04-12,Kediri,23.0,33.6,27.3
2026-04-12,Pasuruan,17.2,25.0,21.4
2026-04-12,Sidoarjo,25.5,32.6,27.9
2026-04-12,Malang,22.4,33.0,26.6
2026-04-13,Surabaya,24.6,34.8,29.7
2026-04-13,Kediri,24.2,33.4,29.7
2026-04-13,Pasuruan,15.8,27.4,22.8
2026-04-13,Sidoarjo,24.7,33.0,28.8
2026-04-13,Malang,22.8,34.6,27.3
2026-04-14,Pasuruan,18.6,26.4,22.8
2026-04-14,Sidoarjo,26.0,32.8,29.4
2026-04-14,Surabaya,24.8,34.4,29.6
2026-04-14,Kediri,25.2,33.6,27.9
2026-04-14,Malang,23.6,33.2,26.8
2026-04-15,Sidoarjo,27.0,32.8,30.0
2026-04-15,Malang,23.0,33.0,26.5
2026-04-15,Kediri,22.6,33.2,27.3
2026-04-15,Surabaya,26.8,34.8,30.8
2026-04-15,Pasuruan,16.6,27.8,22.7
2026-04-16,Kediri,23.0,34.0,27.4
2026-04-16,Malang,22.6,34.4,26.7
2026-04-16,Surabaya,27.0,35.2,31.1
2026-04-16,Pasuruan,17.0,26.0,22.1
2026-04-16,Sidoarjo,25.4,32.8,29.3
2026-04-17,Kediri,23.6,34.0,28.2
2026-04-17,Surabaya,27.2,35.4,31.3
2026-04-17,Pasuruan,18.2,27.0,21.9
2026-04-17,Sidoarjo,24.6,32.6,28.6
2026-04-17,Malang,23.3,33.1,26.8
2026-04-18,Malang,22.8,32.3,26.2
2026-04-18,Sidoarjo,25.9,33.3,29.4
2026-04-18,Kediri,24.0,33.4,29.0
2026-04-18,Pasuruan,17.0,27.0,22.3
2026-04-18,Surabaya,27.2,35.4,31.3
2026-04-19,Malang,21.0,32.6,26.8
2026-04-19,Surabaya,25.6,34.0,29.8
2026-04-19,Sidoarjo,26.5,33.3,29.2
2026-04-19,Kediri,26.3,32.6,28.7
2026-04-19,Pasuruan,17.0,26.8,21.2
2026-04-20,Sidoarjo,25.1,33.1,28.8
2026-04-20,Surabaya,25.2,35.1,30.2
2026-04-20,Kediri,23.8,34.3,29.4
2026-04-20,Pasuruan,16.2,28.2,22.3
2026-04-20,Malang,21.0,33.2,25.9
2026-04-21,Kediri,25.2,33.2,29.7
2026-04-21,Surabaya,25.9,33.6,29.8
2026-04-21,Pasuruan,17.4,26.0,22.3
2026-04-21,Sidoarjo,26.0,33.4,28.7
2026-04-21,Malang,21.7,32.4,27.0
2026-04-22,Kediri,25.6,31.0,26.0
2026-04-22,Malang,23.3,31.2,25.6
2026-04-22,Surabaya,26.8,31.5,29.2
2026-04-22,Sidoarjo,25.8,30.8,26.9
2026-04-22,Pasuruan,19.2,24.0,21.1
2026-04-23,Sidoarjo,24.8,31.9,27.9
2026-04-23,Kediri,22.4,33.2,26.7
2026-04-23,Pasuruan,17.2,26.4,21.9
2026-04-23,Surabaya,24.8,33.2,29.0
2026-04-23,Malang,22.0,31.6,25.8
2026-04-24,Malang,22.6,34.8,27.9
2026-04-24,Kediri,26.2,33.6,29.8
2026-04-24,Pasuruan,17.4,28.6,23.0
2026-04-24,Surabaya,26.0,34.4,30.2
2026-04-24,Sidoarjo,26.1,32.9,30.0
2026-04-25,Surabaya,26.2,34.4,30.3
2026-04-25,Kediri,24.6,34.6,28.9
2026-04-25,Pasuruan,17.6,29.0,24.0
2026-04-25,Sidoarjo,26.9,33.0,30.2
2026-04-25,Malang,23.4,34.7,27.8
2026-04-26,Pasuruan,17.4,28.8,24.7
2026-04-26,Malang,23.5,34.8,27.3
2026-04-26,Kediri,24.8,34.4,29.0
2026-04-26,Surabaya,26.3,34.0,30.2
2026-04-26,Sidoarjo,24.8,33.5,29.1
2026-04-27,Malang,24.2,33.0,27.0
2026-04-27,Surabaya,26.0,31.7,28.9
2026-04-27,Sidoarjo,25.8,31.7,28.4
2026-04-27,Pasuruan,18.2,26.4,22.2
2026-04-27,Kediri,27.0,33.6,28.2
2026-04-28,Malang,23.4,34.8,27.2
2026-04-28,Surabaya,26.2,32.6,29.4
2026-04-28,Sidoarjo,26.1,32.7,28.7
2026-04-28,Kediri,24.0,33.4,27.4
2026-04-28,Pasuruan,18.4,26.4,22.6
2026-04-29,Surabaya,26.6,33.2,29.9
2026-04-29,Malang,23.4,34.3,27.3
2026-04-29,Kediri,24.0,33.6,27.7
2026-04-29,Sidoarjo,26.0,32.5,28.8
2026-04-29,Pasuruan,19.6,27.2,23.4
2026-04-30,Sidoarjo,26.0,30.6,28.1
2026-04-30,Malang,23.0,32.8,26.0
2026-04-30,Surabaya,26.6,32.0,29.3
2026-04-30,Pasuruan,18.4,25.8,22.4
2026-04-30,Kediri,24.6,32.3,26.7
2026-05-01,Malang,23.5,28.4,25.7
2026-05-01,Surabaya,25.0,33.8,29.4
2026-05-01,Sidoarjo,24.9,32.8,28.2
2026-05-02,Surabaya,25.0,33.8,29.4
2026-05-02,Sidoarjo,25.1,32.6,28.6
2026-05-02,Malang,22.8,32.0,27.2
2026-05-03,Sidoarjo,25.5,32.5,29.0
2026-05-03,Malang,22.4,33.2,27.3
2026-05-03,Surabaya,25.8,34.2,30.0
2026-05-04,Surabaya,26.6,34.6,30.6
2026-05-04,Sidoarjo,27.0,32.7,29.6
2026-05-04,Malang,23.7,33.4,27.1
2026-05-05,Malang,22.2,33.4,26.3
2026-05-05,Surabaya,27.0,34.0,30.5
2026-05-05,Sidoarjo,26.8,32.8,29.4
2026-05-07,Malang,20.0,27.0,23.0
2026-05-07,Surabaya,28.0,32.0,29.5
2026-05-07,Kediri,25.0,31.0,27.0
